filename,filename.png
69161000000000,69161000000000.png
69211000000000,69211000000000.png
69261000000000,69261000000000.png
69311000000000,69311000000000.png
69361000000000,69361000000000.png
69411000000000,69411000000000.png
69461000000000,69461000000000.png
69511000000000,69511000000000.png
69561000000000,69561000000000.png
69611000000000,69611000000000.png
69661000000000,69661000000000.png
69711000000000,69711000000000.png
69761000000000,69761000000000.png
69811000000000,69811000000000.png
69861000000000,69861000000000.png
69911000000000,69911000000000.png
69961000000000,69961000000000.png
70011000000000,70011000000000.png
70061000000000,70061000000000.png
70111000000000,70111000000000.png
70161000000000,70161000000000.png
70211000000000,70211000000000.png
70261000000000,70261000000000.png
70311000000000,70311000000000.png
70361000000000,70361000000000.png
70411000000000,70411000000000.png
70461000000000,70461000000000.png
70511000000000,70511000000000.png
70561000000000,70561000000000.png
70611000000000,70611000000000.png
70661000000000,70661000000000.png
70711000000000,70711000000000.png
70761000000000,70761000000000.png
70811000000000,70811000000000.png
70861000000000,70861000000000.png
70911000000000,70911000000000.png
70961000000000,70961000000000.png
71011000000000,71011000000000.png
71061000000000,71061000000000.png
71111000000000,71111000000000.png
71161000000000,71161000000000.png
71211000000000,71211000000000.png
71261000000000,71261000000000.png
71311000000000,71311000000000.png
71361000000000,71361000000000.png
71411000000000,71411000000000.png
71461000000000,71461000000000.png
71511000000000,71511000000000.png
71561000000000,71561000000000.png
71611000000000,71611000000000.png
71661000000000,71661000000000.png
71711000000000,71711000000000.png
71761000000000,71761000000000.png
71811000000000,71811000000000.png
71861000000000,71861000000000.png
71911000000000,71911000000000.png
71961000000000,71961000000000.png
72011000000000,72011000000000.png
72061000000000,72061000000000.png
72111000000000,72111000000000.png
72161000000000,72161000000000.png
72211000000000,72211000000000.png
72261000000000,72261000000000.png
72311000000000,72311000000000.png
72361000000000,72361000000000.png
72411000000000,72411000000000.png
72461000000000,72461000000000.png
72511000000000,72511000000000.png
72561000000000,72561000000000.png
72611000000000,72611000000000.png
72661000000000,72661000000000.png
72711000000000,72711000000000.png
72761000000000,72761000000000.png
72811000000000,72811000000000.png
72861000000000,72861000000000.png
72911000000000,72911000000000.png
72961000000000,72961000000000.png
73011000000000,73011000000000.png
73061000000000,73061000000000.png
73111000000000,73111000000000.png
73161000000000,73161000000000.png
73211000000000,73211000000000.png
73261000000000,73261000000000.png
73311000000000,73311000000000.png
73361000000000,73361000000000.png
73411000000000,73411000000000.png
73461000000000,73461000000000.png
73511000000000,73511000000000.png
73561000000000,73561000000000.png
73611000000000,73611000000000.png
73661000000000,73661000000000.png
73711000000000,73711000000000.png
73761000000000,73761000000000.png
73811000000000,73811000000000.png
73861000000000,73861000000000.png
73911000000000,73911000000000.png
73961000000000,73961000000000.png
74011000000000,74011000000000.png
74061000000000,74061000000000.png
74111000000000,74111000000000.png
74161000000000,74161000000000.png
74211000000000,74211000000000.png
74261000000000,74261000000000.png
74311000000000,74311000000000.png
74361000000000,74361000000000.png
74411000000000,74411000000000.png
74461000000000,74461000000000.png
74511000000000,74511000000000.png
74561000000000,74561000000000.png
74611000000000,74611000000000.png
74661000000000,74661000000000.png
74711000000000,74711000000000.png
74761000000000,74761000000000.png
74811000000000,74811000000000.png
74861000000000,74861000000000.png
74911000000000,74911000000000.png
74961000000000,74961000000000.png
75011000000000,75011000000000.png
75061000000000,75061000000000.png
75111000000000,75111000000000.png
75161000000000,75161000000000.png
75211000000000,75211000000000.png
75261000000000,75261000000000.png
75311000000000,75311000000000.png
75361000000000,75361000000000.png
75411000000000,75411000000000.png
75461000000000,75461000000000.png
75511000000000,75511000000000.png
75561000000000,75561000000000.png
75611000000000,75611000000000.png
75661000000000,75661000000000.png
75711000000000,75711000000000.png
75761000000000,75761000000000.png
75811000000000,75811000000000.png
75861000000000,75861000000000.png
75911000000000,75911000000000.png
75961000000000,75961000000000.png
76011000000000,76011000000000.png
76061000000000,76061000000000.png
76111000000000,76111000000000.png
76161000000000,76161000000000.png
76211000000000,76211000000000.png
76261000000000,76261000000000.png
76311000000000,76311000000000.png
76361000000000,76361000000000.png
76411000000000,76411000000000.png
76461000000000,76461000000000.png
76511000000000,76511000000000.png
76561000000000,76561000000000.png
76611000000000,76611000000000.png
76661000000000,76661000000000.png
76711000000000,76711000000000.png
