#timestamp,acc.x,acc.y,acc.z,gyro.x,gyro.y,gyro.z
69161000000000,0.0059420429170131,-0.0040946379303932,1.000497341156006,-0.0001183869317173,-0.4835735857486725,0.0928460881114006
69171000000000,0.0059061953797936,-0.0038946792483329,1.0008925199508667,-0.0242021735757589,-0.2777019739151001,0.097112275660038
69181000000000,0.0061386283487081,-0.0022911960259079,1.0007209777832031,-0.0909571051597595,0.4025282561779022,-0.1278470456600189
69191000000000,0.0065561542287468,-0.0035348704550415,1.0000334978103638,-0.0467164404690265,0.1353884637355804,-0.155032068490982
69201000000000,0.0057332296855747,-0.0047642118297517,1.000184416770935,-0.0827028080821037,-0.4571095407009125,0.1684185117483139
69211000000000,0.0052246181294322,-0.0037614691536873,1.0024808645248413,0.243683859705925,0.1334843635559082,-0.0249295178800821
69221000000000,0.0053256368264555,-0.0052488362416625,1.001164436340332,-0.139371320605278,-0.1123785823583602,0.0044229612685739
69231000000000,0.0055940421298146,-0.0041828360408544,1.0000205039978027,-0.0362908355891704,0.1411435604095459,-0.033887542784214
69241000000000,0.005994267296046,-0.0055909156799316,1.0023186206817627,-0.0225018803030252,-0.0410064309835433,0.0219485405832529
69251000000000,0.0075284601189196,-0.0037868416402488,1.000978946685791,-0.0164204183965921,0.0525650084018707,-0.0107831647619605
69261000000000,0.0065611372701823,-0.0036138652358204,1.0006591081619265,-0.1024456322193145,-0.128232941031456,-0.1574098020792007
69271000000000,0.0078213354572653,-0.004618183709681,0.9997228980064392,0.1927002519369125,0.0899280086159706,0.1322505623102188
69281000000000,0.0053216712549328,-0.0049102688208222,1.0010226964950562,-0.0659072324633598,-0.0867853760719299,0.0599534064531326
69291000000000,0.0059388913214206,-0.0055380617268383,0.9983652234077454,0.04433448985219,-0.3339012563228607,-0.020744914188981
69301000000000,0.007835111580789,-0.0062017017044126,0.9994447827339172,0.1121915355324745,0.0978492721915245,0.084711730480194
69311000000000,0.0073236785829067,-0.0050037382170557,1.0010398626327517,0.4222107529640198,-0.0221639797091484,0.09393822401762
69321000000000,0.0079789897426962,-0.0044188257306814,1.0025811195373535,0.0742956697940826,-0.0973414778709411,0.1981689631938934
69331000000000,0.0065191150642931,-0.002376997610554,1.000696301460266,0.0587279833853244,-0.1180404946208,-0.0150782587006688
69341000000000,0.0065839947201311,-0.0036036248784512,0.9983197450637816,0.1453851759433746,-0.0970809459686279,0.0532322600483894
69351000000000,0.0067029763013124,-0.0068100369535386,0.9990096688270568,-0.1183629930019378,0.2566477060317993,0.0291980281472206
69361000000000,0.0059128617867827,-0.0051084659062325,1.000377178192139,0.0239953976124525,-0.0487279146909713,-0.0940372720360755
69371000000000,0.0061053913086652,-0.0030163151677697,1.0008368492126465,-0.0990890264511108,-0.2234038561582565,0.2201000899076461
69381000000000,0.0066399965435266,-0.0048313615843653,0.9997352361679076,0.0654740333557128,0.1554787456989288,-0.2203696370124817
69391000000000,0.0069416752085089,-0.0037227203138172,1.001568078994751,-0.0023596917744725,-0.2707764804363251,0.090392418205738
69401000000000,0.0063534453511238,-0.0034445654600858,1.0013723373413086,0.1153115332126617,-0.1336375176906585,-0.1444677263498306
69411000000000,0.0076020541600883,-0.0049201291985809,1.001112937927246,0.1513873785734176,-0.0830157399177551,0.0100046433508396
69421000000000,0.0068192463368177,-0.0025093976873904,1.0024524927139282,-0.1268476843833923,-0.0272876042872667,-0.0133869219571352
69431000000000,0.0062707918696105,-0.0023870104923844,1.0011417865753174,-0.0005956070963293,-0.3502234816551208,-0.174247533082962
69441000000000,0.006745611783117,-0.0029734740965068,1.000088453292847,0.169715017080307,-0.3420951068401336,0.0036163132172077
69451000000000,0.0047333519905805,-0.0048066177405416,1.0010687112808228,0.2221627831459045,0.253722995519638,0.1442743241786956
69461000000000,0.0066269543021917,-0.0067604570649564,1.0012515783309937,0.3257856369018554,0.3473083972930908,0.2388222366571426
69471000000000,0.0065999710932374,-0.0053498703055083,0.9999353885650636,-0.1554548442363739,-0.0602270439267158,0.0993088260293006
69481000000000,0.0062006441876292,-0.0049962135963141,1.0012518167495728,0.1027824953198432,-0.5083062648773193,0.1556155830621719
69491000000000,0.0049789790064096,-0.0039673266001045,1.0000581741333008,-0.0984972268342971,-0.031972162425518,-0.1082650125026702
69501000000000,0.0056894225999712,-0.003139532636851,0.9990218281745912,0.0142065733671188,-0.0285691022872924,0.0900796577334404
69511000000000,0.0074139996431767,-0.0043177860789,1.0001243352890017,-0.1017218306660652,-0.3469079136848449,-0.0675596594810485
69521000000000,0.0085192387923598,-0.0037609506398439,0.9991775155067444,-0.0678764283657074,0.009036736562848,0.0651824027299881
69531000000000,0.0078729344531893,-0.004601000342518,0.9996924996376038,-0.0755635946989059,-0.4117282032966614,0.0392326712608337
69541000000000,0.0040768692269921,-0.0043752379715442,0.9992579221725464,-0.0347455777227878,-0.0932145863771438,-0.3174319267272949
69551000000000,0.0058173276484012,-0.0052440292201936,0.9981065988540648,-0.0261739026755094,-0.0651653259992599,-0.0481390245258808
69561000000000,0.0069495984353125,-0.0043671042658388,1.0027971267700195,0.0409458391368389,-0.1259770989418029,0.1241251975297927
69571000000000,0.0083138747140765,-0.0051448913291096,1.0024573802947998,0.0837911069393158,0.3297798335552215,0.090367242693901
69581000000000,0.0072625260800123,-0.0059880590997636,1.000918745994568,0.0822439789772033,0.1612106710672378,-0.0207631513476371
69591000000000,0.0044278628192842,-0.005295249633491,1.0021092891693115,0.1901750415563583,-0.1195396184921264,-0.0041244765743613
69601000000000,0.0046762549318373,-0.0021616851445287,0.9998478293418884,0.0112826684489846,-0.2685249149799347,0.0540550127625465
69611000000000,0.0061073284596204,-0.0037585466634482,0.9993979334831238,0.0238178968429565,0.0152208367362618,0.1209115535020828
69621000000000,0.0081998687237501,-0.0057681836187839,0.999686360359192,0.0485800504684448,-0.142841562628746,-0.2560386657714844
69631000000000,0.0068614883348345,-0.0044548758305609,1.0003589391708374,0.1879889219999313,-0.2535071969032287,0.0839048251509666
69641000000000,0.0075737717561423,-0.0032742533367127,1.0005260705947876,-0.0077726552262902,-0.0731234699487686,0.06839369982481
69651000000000,0.0082895448431372,-0.0045590191148221,0.9981371760368348,0.0732724070549011,0.0322195589542388,-0.080232948064804
69661000000000,0.0084189632907509,-0.0051563093438744,1.0016521215438845,0.1891116499900818,-0.1317564845085144,0.1596772670745849
69671000000000,0.00803061760962,-0.0034478302113711,1.0009106397628784,0.0355819389224052,0.0354352295398712,-0.0595272257924079
69681000000000,0.0037435856647789,-0.0035392912104725,1.0001449584960938,0.2329842299222946,-0.3184424638748169,-0.0072676334530115
69691000000000,0.0064074783585965,-0.0046205632388591,0.9971930384635924,-0.0865107402205467,-0.3996261358261108,-0.1187450438737869
69701000000000,0.0079467585310339,-0.0040248916484415,0.9999704360961914,-0.1282335370779037,0.2460564970970153,-0.0264734476804733
69711000000000,0.0072793294675648,-0.0027549297083169,1.003600001335144,0.1131700500845909,-0.1549203097820282,-0.222618743777275
69721000000000,0.0074216146022081,-0.0030071542132645,1.0007603168487549,-0.0952351987361908,-0.0806883350014686,0.0733314901590347
69731000000000,0.0052479654550552,-0.0034658247604966,0.9962941408157348,-0.0280380751937627,0.0565280951559543,-0.0608224608004093
69741000000000,0.0068712038919329,-0.0049115917645394,1.0008586645126345,-0.0254017543047666,-0.1308833062648773,-0.0328901670873165
69751000000000,0.0055771963670849,-0.0038994646165519,1.002002477645874,0.0620447099208831,-0.1747403144836425,-0.1480521112680435
69761000000000,0.0063155214302241,-0.0042550950311124,0.9994972944259644,-0.0009735933272168,-0.2743299901485443,0.150117427110672
69771000000000,0.0052878758870065,-0.004137004725635,1.0013632774353027,0.1098896786570549,-0.0579859018325805,-0.0601803995668888
69781000000000,0.0061497325077652,-0.0042326827533543,1.000478744506836,0.1861412078142166,-0.218457356095314,0.0180160980671644
69791000000000,0.0084322514012455,-0.0051651205867528,0.9989765286445618,0.1563536822795868,0.0159441474825143,0.0527778230607509
69801000000000,0.007742531131953,-0.0028648148290812,0.9984419345855712,-0.0624412707984447,-0.051375426352024,-0.0171639323234558
69811000000000,0.0073057548142969,-0.0024037400726228,0.9973003268241882,0.0076583307236433,0.0661971345543861,0.000573432072997
69821000000000,0.0078624319285154,-0.0032557202503085,1.0010132789611816,-0.150859847664833,0.1909152269363403,-0.2488111555576324
69831000000000,0.0073566455394029,-0.0031533108558505,1.0004066228866575,0.0326190441846847,0.3932256996631622,0.0341896302998065
69841000000000,0.0056477640755474,-0.0062066353857517,0.9995831251144408,0.0456003472208976,-0.1013115271925926,-0.0574546083807945
69851000000000,0.0036164824850857,-0.006211953703314,1.0013477802276611,0.0243920944631099,-0.0789078697562217,0.0924847796559333
69861000000000,0.0072371363639831,-0.0047274720855057,1.0009077787399292,0.2547280192375183,0.228807732462883,0.1696314811706543
69871000000000,0.0080009512603282,-0.0040706079453229,0.9998624324798584,0.1559688299894333,0.0803976655006408,-0.0341430529952049
69881000000000,0.0067293848842382,-0.0015744143165647,1.0011065006256104,-0.1671956181526184,0.0478099212050437,-0.0337871983647346
69891000000000,0.0041324011981487,-0.002808227436617,1.0022794008255005,0.1275021135807037,0.2157528698444366,-0.1075313687324523
69901000000000,0.0064946073107421,-0.0026243350002914,1.00074303150177,-0.1247477456927299,-0.1007606983184814,-0.2169462293386459
69911000000000,0.0081411190330982,-0.0028278043027967,1.0020523071289062,0.0792870298027992,-0.2565342485904693,-0.1073137447237968
69921000000000,0.0067484364844858,-0.0040194122120738,1.000601291656494,0.0489907637238502,-0.1416247487068176,0.0188852287828922
69931000000000,0.0064533222466707,-0.0047030141577124,0.9966140985488892,-0.0338623970746994,0.1165704429149627,-0.0802376493811607
69941000000000,0.0062054106965661,-0.004073311574757,1.0012428760528564,0.0989323556423187,-0.1959777325391769,-0.0767314881086349
69951000000000,0.0063003413379192,-0.0064547979272902,1.002479076385498,0.1592466831207275,0.0468184649944305,0.1536742895841598
69961000000000,0.005511641036719,-0.0046022199094295,1.001260757446289,0.1375292092561721,-0.3243266642093658,0.0078215720131993
69971000000000,0.0046721128746867,-0.0030228218529373,1.00011146068573,-0.027108184993267,-0.2378451824188232,-0.0572157502174377
69981000000000,0.0059813163243234,-0.0037550737615674,0.9998933672904968,0.1143537759780883,-0.291659414768219,0.0684443414211273
69991000000000,0.0073305591940879,-0.0045354990288615,1.0020310878753662,-0.0931281298398971,0.0125507889315485,-0.1105239391326904
70001000000000,0.007602360099554,-0.0062094209715723,1.0032613277435305,0.0157574340701103,0.1490683108568191,0.0389615036547184
70011000000000,0.0067635378800332,-0.0046729384921491,1.0014843940734863,0.2444851249456405,0.0605320446193218,-0.0326970592141151
70021000000000,0.0074224835261702,-0.004140481352806,0.9999430775642396,-0.1927974075078964,-0.0586237907409668,0.0216325391083955
70031000000000,0.0059820050373673,-0.0049471883103251,1.002584457397461,-0.0336180701851844,-0.0772100463509559,0.0626545995473861
70041000000000,0.0066228820942342,-0.0038016017060726,1.0019649267196655,0.3500731885433197,-0.1162125989794731,-0.0929211378097534
70051000000000,0.0058493949472904,-0.0025616900529712,1.0016403198242188,-0.0004289189528208,0.0115651190280914,0.0561571232974529
70061000000000,0.0069803465157747,-0.0036934886593371,0.999821126461029,-0.0950007140636444,-0.0720442533493042,0.1934394687414169
70071000000000,0.0069066598080098,-0.0058606411330401,1.0000214576721191,0.0412236750125885,-0.0665233805775642,-0.1234875917434692
70081000000000,0.0031944827642291,-0.0059397513978183,1.000909686088562,0.1216547489166259,-0.0317612402141094,0.0103034460917115
70091000000000,0.0050642197020351,-0.0041019828058779,1.001023530960083,0.2362896203994751,0.349104106426239,-0.0536721795797348
70101000000000,0.0048568677157163,-0.0048210211098194,0.9994264841079712,0.1222537830471992,0.0466376356780529,0.0831097215414047
70111000000000,0.0048256935551762,-0.0046021188609302,0.9995456337928772,0.102231740951538,-0.0267682876437902,-0.1136049032211303
70121000000000,0.005787821020931,-0.0039412579499185,1.0001591444015503,-0.0947513207793235,-0.0133709041401743,-0.25636026263237
70131000000000,0.008436718955636,-0.0058439928106963,1.0017421245574951,0.0285322088748216,0.0058638700284063,0.1509589552879333
70141000000000,0.0078098713420331,-0.0055209188722074,1.002637505531311,0.0127398334443569,-0.0170552786439657,0.044162031263113
70151000000000,0.0066651371307671,-0.004642731975764,1.0006253719329834,0.1875390857458114,-0.0389836467802524,0.2650584876537323
70161000000000,0.0078660417348146,-0.0031741582788527,1.0003854036331177,0.1245172992348671,-0.0399424843490123,-0.0895675420761108
70171000000000,0.0095602376386523,-0.0052562304772436,1.0014876127243042,-0.1688892394304275,0.0086875632405281,-0.1004716679453849
70181000000000,0.0080547053366899,-0.0046540633775293,1.0001851320266724,0.1942487359046936,-0.3204458951950073,-0.0691637322306633
70191000000000,0.0060453535988926,-0.0034061970654875,0.999820113182068,0.1034662723541259,-0.0087152095511555,-0.0501050390303134
70201000000000,0.0055939466692507,-0.0028780419379472,0.9973010420799256,0.1024048328399658,0.0546719692647457,-0.0706951394677162
70211000000000,0.0056801792234182,-0.0053615532815456,0.9985405206680298,0.1696493476629257,-0.0813952311873436,0.0570886991918087
70221000000000,0.0090534333139657,-0.00572295114398,1.0017412900924685,0.0809478610754013,0.0843926444649696,0.016929579898715
70231000000000,0.0082599446177482,-0.0026240868028253,1.0015462636947632,-0.0965689942240715,0.0496029295027256,0.1666514724493026
70241000000000,0.0080867307260632,-0.0048755817115306,0.9995610117912292,0.0526744984090328,0.0428720638155937,0.0423443540930748
70251000000000,0.0086725121363997,-0.0051395581103861,1.0004574060440063,0.1980086117982864,-0.0897549986839294,0.0397078208625316
70261000000000,0.0072695631533861,-0.004380315542221,1.002407431602478,-0.045278612524271,0.1457765400409698,-0.1650485843420028
70271000000000,0.0075711440294981,-0.0046109962277114,1.0002998113632202,-0.0137146022170782,-0.0218509677797555,-0.0699621737003326
70281000000000,0.0083072138950228,-0.0042009656317532,0.9980251789093018,0.1575600057840347,-0.1787088960409164,0.0409885048866272
70291000000000,0.0068748453631997,-0.0032235705293715,0.9993095993995668,-0.2644851803779602,-0.1522597968578338,-0.016006926074624
70301000000000,0.007196201942861,-0.0030142634641379,0.999361217021942,-0.0502532199025154,0.1049484089016914,-0.1430769711732864
70311000000000,0.0079913940280675,-0.0045834649354219,0.9982494115829468,0.0120498547330498,-0.1367375552654266,0.1441810876131057
70321000000000,0.0071418173611164,-0.0055115986615419,1.0012238025665283,-0.0500505268573761,-0.0390432961285114,0.0238761026412248
70331000000000,0.0081841498613357,-0.0062542585656046,1.0018181800842283,-0.0869916900992393,-0.2212074846029281,-0.0956377238035202
70341000000000,0.0073042758740484,-0.0052632358856499,1.0034846067428589,-0.1057413890957832,-0.6140114068984985,-0.0255318712443113
70351000000000,0.0073462007567286,-0.0049101724289357,1.0010654926300049,0.0526764020323753,-0.171193391084671,-0.0546536222100257
70361000000000,0.0064469636417925,-0.0036690759006887,0.9980435967445374,-0.0520314872264862,0.0379708632826805,-0.1147671118378639
70371000000000,0.0076279095374047,-0.0047085150144994,0.9993985295295716,0.1014840006828308,0.0483739823102951,0.3065717816352844
70381000000000,0.0072315894067287,-0.0044875661842525,1.002059817314148,-0.1434789150953292,0.1499999910593032,-0.0205137152224779
70391000000000,0.0082586919888854,-0.0039954697713255,1.0021188259124756,0.0647083818912506,-0.0893674790859222,0.0368879921734333
70401000000000,0.0083773983642458,-0.0041704811155796,1.000238060951233,0.0964162573218345,-0.2127880454063415,-0.2394174337387085
70411000000000,0.0057232822291553,-0.0030325020197778,0.9993664622306824,0.353270560503006,-0.1031591147184372,0.2412890195846557
70421000000000,0.0040312176570296,-0.0041813221760094,0.9994819164276124,0.0159144774079322,-0.0338299758732318,0.1567483097314834
70431000000000,0.0074411150999367,-0.0045313867740333,1.0009959936141968,0.031504925340414,-0.0094712544232606,0.2284575551748275
70441000000000,0.0084844278171658,-0.0044332239776849,1.002241849899292,0.1974575668573379,-0.0111363297328352,0.0473601445555686
70451000000000,0.0098808584734797,-0.0048049082979559,1.0006718635559082,0.0430266261100769,0.1166480854153633,0.0840318575501442
70461000000000,0.0073418547399342,-0.0055008353665471,1.0011680126190186,-0.0117021212354302,-0.0042850160971283,-0.0805485695600509
70471000000000,0.0063529317267239,-0.0044816983863711,0.9999880194664,-0.2121531069278717,0.1174732521176338,0.0275054182857275
70481000000000,0.0067111491225659,-0.0037352009676396,1.0004583597183228,0.1675243526697158,-0.0175243895500898,-0.0779556035995483
70491000000000,0.0076950876973569,-0.0052804318256676,0.999677836894989,0.0337253995239734,-0.0984003320336341,0.0591469183564186
70501000000000,0.0075436769984662,-0.0044071446172893,1.0020443201065063,-0.0179956685751676,-0.1834208816289901,0.0706705600023269
70511000000000,0.0049069109372794,-0.0029476974159479,1.0014199018478394,-0.084992915391922,-0.1983071416616439,0.1213403865694999
70521000000000,0.0047898185439407,-0.0038739419542253,1.0021166801452637,0.1121853217482566,-0.3480644524097442,-0.0963543951511383
70531000000000,0.0050762188620865,-0.004002827219665,1.000065803527832,0.2638630867004394,0.3221915066242218,0.0780696719884872
70541000000000,0.0041881040669977,-0.0023014205507934,0.9994595050811768,0.0858837217092514,-0.033564381301403,-0.0487070828676223
70551000000000,0.005704425740987,-0.0058272052556276,1.0001356601715088,-0.0874831601977348,-0.2464924752712249,-0.0400664210319519
70561000000000,0.0093002477660775,-0.0067906244657933,1.001335859298706,0.2731467187404632,-0.2997938692569732,0.1117087230086326
70571000000000,0.0085542798042297,-0.0050821886397898,1.0000571012496948,0.1027484387159347,0.2240479737520218,-0.0196366962045431
70581000000000,0.0078024896793067,-0.0023886293638497,0.9995315074920654,0.0853913426399231,-0.1298215240240097,0.0862156376242637
70591000000000,0.0066091297194361,-0.0038479503709822,1.0021873712539673,-0.0119023118168115,0.0046239090152084,0.0878048464655876
70601000000000,0.0043376204557716,-0.0036736982874572,1.0009530782699585,-0.0995326191186904,-0.1345420330762863,0.0144144175574183
70611000000000,0.0067999120801687,-0.0023505056742578,1.002413988113403,0.0431045480072498,-0.288180261850357,0.093760497868061
70621000000000,0.0078637460246682,-0.0035629405174404,1.0024622678756714,-0.0311321355402469,-0.1716320812702179,-0.1983148753643036
70631000000000,0.0070728794671595,-0.0039258231408894,1.001375675201416,0.1504684686660766,-0.1263782680034637,0.051966655999422
70641000000000,0.0078604090958833,-0.0058437823317945,1.0007330179214478,0.0478639751672744,-0.014244713820517,-0.1147399842739105
70651000000000,0.0070738191716372,-0.0036986612249165,0.999311864376068,0.0527307987213134,0.3379831314086914,0.0017936347285285
70661000000000,0.0074415025301277,-0.003161123720929,1.0002007484436035,0.1403487473726272,-0.0369747206568717,-0.058557141572237
70671000000000,0.0082684820517897,-0.0046318233944475,1.0004370212554932,0.0680063366889953,0.0112744159996509,-0.0619314536452293
70681000000000,0.0072761345654726,-0.0044052801094949,1.000514268875122,-0.0757836699485778,-0.1706869304180145,-0.1748260855674743
70691000000000,0.0072474023327231,-0.0044984770938754,1.0009702444076538,-0.1561349928379058,0.0461147017776966,0.0618570744991302
70701000000000,0.0079775648191571,-0.0041543678380548,1.0018439292907717,-0.0359417311847209,-0.0909173935651779,0.0467143431305885
70711000000000,0.0069750729016959,-0.0054290145635604,1.0006557703018188,0.0548192113637924,-0.0009018399869091,-0.1112069338560104
70721000000000,0.0047677252441644,-0.0041188541799783,1.0009342432022097,0.0166084188967943,-0.5108847618103027,-0.1716807633638382
70731000000000,0.0034885636996477,-0.0036995003465563,1.0023208856582642,0.145370751619339,0.0489071272313594,0.1823088675737381
70741000000000,0.007015589158982,-0.0048830877058207,1.0013329982757568,0.0997782126069068,0.2387442290782928,0.1309643983840942
70751000000000,0.0083691384643316,-0.0038815923035144,0.9988816380500792,0.1142182648181915,-0.0314435362815856,0.0027314987964928
70761000000000,0.0063132555224001,-0.0027859639376401,0.9992794990539552,-0.097974769771099,-0.6098238825798035,-0.1719982922077179
70771000000000,0.0066342507489025,-0.0030709849670529,1.0003153085708618,0.0337022058665752,-0.2023519575595855,0.0412569418549537
70781000000000,0.0067435228265821,-0.0043921042233705,1.0021380186080933,-0.1057849004864692,0.3481172025203705,-0.1097668930888176
70791000000000,0.0086942696943879,-0.0031729233451187,1.0023446083068848,0.0675151869654655,0.0542711652815341,-0.0970282554626464
70801000000000,0.0058773476630449,-0.0044023222289979,1.0017656087875366,-0.0984849408268928,-0.0406642854213714,0.0201042965054512
70811000000000,0.0064057824201881,-0.0047203740105032,1.0007400512695312,0.1137650907039642,0.3151293098926544,0.2983584702014923
70821000000000,0.0070993672125041,-0.0034640885423868,1.001967430114746,-0.0259490329772233,-0.2258938401937484,-0.0698095932602882
70831000000000,0.0072067780420184,-0.0059585962444543,0.998314082622528,0.0307753942906856,0.1110618114471435,-0.0284613128751516
70841000000000,0.0064677977934479,-0.006562759168446,1.000255465507507,0.0744111761450767,0.1280959695577621,0.0305503495037555
70851000000000,0.0054786214604973,-0.0051271473057568,1.001910924911499,0.0757310539484024,-0.1714076548814773,0.2198062241077423
70861000000000,0.0050164749845862,-0.0034883231855928,0.999561846256256,-0.0026820644270628,0.1997275501489639,0.2353236377239227
70871000000000,0.0074975723400712,-0.0028221518732607,1.0025920867919922,0.0629154220223426,-0.0524372421205043,0.0002440195530653
70881000000000,0.009522178210318,-0.0038819157052785,1.0013340711593628,0.1978857368230819,-0.1148875728249549,-0.0497985333204269
70891000000000,0.0067126848734915,-0.0036884301807731,1.0021779537200928,0.1946011632680893,-0.0064115859568119,0.1123184561729431
70901000000000,0.0078153014183044,-0.0042977491393685,1.0019526481628418,-0.2130832821130752,0.0162848550826311,0.1072159111499786
70911000000000,0.0058880127035081,-0.0049857394769787,0.999846577644348,-0.0191693194210529,-0.0966940000653266,0.1463573575019836
70921000000000,0.0064201271161437,-0.0063974913209676,0.9988588094711304,0.0295342225581407,0.2191459089517593,0.0212712381035089
70931000000000,0.0065763923339545,-0.0049698748625814,0.9994105696678162,-0.2038473188877105,0.0574065670371055,0.0210007224231958
70941000000000,0.0088117141276597,-0.0044080214574933,0.9999733567237854,-0.011824008077383,-0.3949709832668304,-0.0941317528486251
70951000000000,0.0059471372514963,-0.0038624028675258,1.0019490718841553,-0.0869478285312652,-0.1314292699098587,0.1350015848875045
70961000000000,0.0052463146857917,-0.0033378300722688,1.0017682313919067,0.1349965184926986,0.0373420678079128,-0.0045591960661113
70971000000000,0.0069406982511281,-0.0044742869213223,1.0004668235778809,-0.1237813383340835,-0.0532642230391502,-0.272538423538208
70981000000000,0.0070275817997753,-0.0050655794329941,1.0008184909820557,-0.0355253703892231,-0.004282338079065,0.0891897603869438
70991000000000,0.0048335879109799,-0.0039470414631068,1.0004416704177856,-0.1530394256114959,-0.2881925106048584,-0.1686154156923294
71001000000000,0.0065488135442137,-0.0037662531249225,1.0005922317504885,0.0484340153634548,-0.0028254801873117,0.0037288826424628
71011000000000,0.0066211191006004,-0.0044375057332217,0.9984490871429444,0.1286495476961136,-0.0300574544817209,0.0972338765859603
71021000000000,0.0049153491854667,-0.0032257589045912,0.999017596244812,0.175099104642868,0.3254307806491852,-0.0974474251270294
71031000000000,0.0066337063908576,-0.0040772883221507,1.0012038946151731,0.1611467897891998,-0.048385739326477,-0.0848710983991622
71041000000000,0.0068411147221922,-0.0041091227903962,1.003635048866272,-0.0952314585447311,0.0874830558896064,0.2043413370847702
71051000000000,0.0062737097032368,-0.004754567053169,1.000349044799805,0.0342616736888885,-0.2823694944381714,0.1055100187659263
71061000000000,0.007118156645447,-0.0052331155166029,1.0003557205200195,0.2025963217020034,0.0319888554513454,0.1369181126356125
71071000000000,0.0075260698795318,-0.0036929561756551,1.0012027025222778,-0.0128350798040628,0.1214761137962341,0.1372315436601638
71081000000000,0.0082156006246805,-0.0034510125406086,0.9993664622306824,-0.1019628047943115,-0.094675563275814,-0.1138577237725257
71091000000000,0.005586618091911,-0.0022457900922745,0.9989423155784608,-0.090610884130001,0.1009457632899284,0.1387465894222259
71101000000000,0.0058529758825898,-0.0021720023360103,1.0007175207138062,0.08695700019598,0.2277588546276092,0.0397714786231517
71111000000000,0.0039071450009942,-0.0020391573198139,1.000489592552185,-0.050609603524208,0.2000784128904342,0.1523306369781494
71121000000000,0.0051590846851468,-0.0051222192123532,1.0011639595031738,-0.2836363017559051,-0.3047757148742676,0.1082149818539619
71131000000000,0.0055688912980258,-0.004517950117588,1.0033185482025146,0.0846566706895828,0.1085564792156219,-0.0155130224302411
71141000000000,0.0084844352677464,-0.0032802186906337,1.0012032985687256,0.034614659845829,-0.1491933614015579,0.0549710690975189
71151000000000,0.006317226216197,-0.0036553358659148,1.0014076232910156,0.0333771109580993,-0.092824175953865,0.0823883339762687
71161000000000,0.0079638240858912,-0.0034195485059171,1.0020877122879028,-0.0429575033485889,0.1673292368650436,-0.0330972112715244
71171000000000,0.0082915937528014,-0.0037317634560167,1.0016279220581057,0.014083145186305,-0.2682473361492157,-0.1285569369792938
71181000000000,0.0074133169837296,-0.0053941598162055,1.00210440158844,-0.0258098375052213,0.1564387530088424,-0.2046110481023788
71191000000000,0.0070621250197291,-0.0047636199742555,1.0022060871124268,-0.0626835599541664,0.1309667229652404,-0.0795964002609252
71201000000000,0.0052989199757575,-0.0043618245981633,1.0014221668243408,-0.1699407696723938,0.0263469200581312,-0.282920241355896
71211000000000,0.0064418129622936,-0.0030158350709825,1.0007339715957642,-0.1420155763626098,-0.0279678478837013,0.1320848762989044
71221000000000,0.0072306967340409,-0.004375304095447,0.999923586845398,0.1149787530303001,-0.3188102543354034,0.0397717729210853
71231000000000,0.0075453333556652,-0.0040181949734687,0.9997640252113342,0.1260022073984146,-0.0404923893511295,0.0500266589224338
71241000000000,0.0069605591706931,-0.0043675755150616,1.0001522302627563,0.2109760493040084,0.10269595682621,0.0333931669592857
71251000000000,0.0047732102684676,-0.0049783983267843,1.0011311769485474,-0.1838103383779525,-0.2280991524457931,0.0265945587307214
71261000000000,0.0057774526067078,-0.0050053242594003,1.0008633136749268,0.1714999973773956,0.1396558284759521,0.0767669603228569
71271000000000,0.0064570712856948,-0.005033909343183,0.9997285604476928,-0.0474910140037536,-0.3828688263893127,0.1095785051584243
71281000000000,0.0081443022936582,-0.0056831687688827,1.000560641288757,0.023964338004589,-0.1687647700309753,-0.1136570796370506
71291000000000,0.006962027400732,-0.0051052272319793,1.0004057884216309,0.0963023081421852,-0.1227126345038414,0.0487341806292533
71301000000000,0.0070268674753606,-0.0044225356541574,0.9998624324798584,0.2274263501167297,0.0065465355291962,-0.034640796482563
71311000000000,0.0074902852065861,-0.0043150302954018,1.0000749826431274,0.1440639644861221,0.047782476991415,0.2171157598495483
71321000000000,0.0085889641195535,-0.0032283577602356,1.0002456903457642,0.1253499537706375,-0.157415822148323,-0.1790120750665664
71331000000000,0.0058188894763588,-0.002755464753136,1.0013036727905271,-0.0125100594013929,-0.3229826092720032,-0.0508525036275386
71341000000000,0.0062911473214626,-0.0038230260834097,1.0025514364242554,-0.2241073846817016,-0.2453070729970932,-0.1250332146883011
71351000000000,0.0079250046983361,-0.0025392982643097,1.0019924640655518,0.066107265651226,0.1214952319860458,0.1296754032373428
71361000000000,0.0049797049723565,-0.0038893239106982,0.999422013759613,0.0542656853795051,0.2373500913381576,0.0346767418086528
71371000000000,0.0061122411862015,-0.0049276738427579,1.0014712810516355,-0.0281851235777139,-0.160598337650299,0.0776351317763328
71381000000000,0.0047882981598377,-0.0053186784498393,1.001226544380188,0.1198866665363311,-0.3249928057193756,-0.0488323755562305
71391000000000,0.0067181573249399,-0.004512776620686,0.9986938834190368,0.1581833809614181,0.2013566046953201,0.0338304601609706
71401000000000,0.0060413018800318,-0.0044423826038837,1.0010299682617188,0.0795788243412971,-0.3943763375282287,0.1237779408693313
71411000000000,0.0094796232879161,-0.0045719658955931,1.0011169910430908,0.2364030480384826,-0.4414401352405548,-0.1063268482685089
71421000000000,0.0059280269779264,-0.004227836150676,1.0012240409851074,0.1671168357133865,0.0035240203142166,-0.0442762896418571
71431000000000,0.0039804228581488,-0.0027995218988507,0.9990228414535522,0.1236547753214836,-0.0795246884226799,-0.0780385732650756
71441000000000,0.0075172665528953,-0.0043171201832592,0.9997648000717164,0.0094753168523311,-0.1507656574249267,0.0549961328506469
71451000000000,0.0084115201607346,-0.0019236078951507,1.0018250942230225,0.1139721497893333,0.1982420235872268,0.1792167127132415
71461000000000,0.0073402100242674,-0.0033260264899581,1.002318263053894,0.0206533037126064,0.3891183733940124,0.0996066480875015
71471000000000,0.0078881690278649,-0.0040163919329643,1.000707507133484,0.0537224933505058,-0.1462251991033554,0.2130637317895889
71481000000000,0.0056883813813328,-0.0023855385370552,0.9995208382606506,0.2211205065250396,-0.0298387669026851,0.0833674371242523
71491000000000,0.0066572781652212,-0.0043297298252582,1.0011610984802246,0.1514511704444885,0.1621644645929336,0.1587373316287994
71501000000000,0.0076482039876282,-0.0041088103316724,1.0000145435333252,0.1007694751024246,-0.4139622449874878,0.1786546558141708
71511000000000,0.00610704254359,-0.002953584305942,1.0024960041046145,-0.0544716268777847,0.2918648421764374,0.0202632676810026
71521000000000,0.0067656892351806,-0.0030154252890497,1.001251459121704,0.0547262169420719,-0.3454432785511017,-0.1831458806991577
71531000000000,0.0075448811985552,-0.0034743407741189,1.0001951456069946,0.2232526540756225,0.0559090822935104,-0.04600765183568
71541000000000,0.0066813565790653,-0.0031491678673774,0.9995595812797546,-0.0053177452646195,0.0823823288083076,-0.1206834465265274
71551000000000,0.006884669419378,-0.0031387438066303,1.0022941827774048,0.0154004292562603,0.0890089944005012,0.2292395085096359
71561000000000,0.0055748419836163,-0.0055439407005906,1.000245213508606,-0.2207926213741302,-0.1587852090597152,0.1929468512535095
71571000000000,0.0078088706359267,-0.0045925746671855,0.999954104423523,-0.1963530480861663,0.2765432894229889,0.1416053771972656
71581000000000,0.0072859064675867,-0.0038172216154634,1.0003634691238403,0.154661938548088,0.0173958260565996,0.0581383854150772
71591000000000,0.008439352735877,-0.0042498493567109,1.0008090734481812,0.1054611727595329,0.0779177248477935,0.1685892790555954
71601000000000,0.0071472828276455,-0.0029040279332548,0.9998710751533508,-0.0218802839517593,-0.0430376604199409,-0.0386371351778507
71611000000000,0.0072996271774172,-0.0039070821367204,0.9991459250450134,-0.1929778754711151,0.0424059480428695,-0.1071986705064773
71621000000000,0.005823936779052,-0.0050036418251693,0.9998806118965148,-0.0264641661196947,0.2391310185194015,-0.1019003987312316
71631000000000,0.0063864211551845,-0.0044463244266808,1.0028289556503296,-0.1522016078233719,-0.0952346175909042,0.0294595081359148
71641000000000,0.0065213213674724,-0.0026997777167707,1.002619743347168,-0.0240403525531291,-0.2354962080717086,0.1535134464502334
71651000000000,0.0069047124125063,-0.0041820448823273,1.0013829469680786,0.0821892321109771,0.1551975756883621,0.1142855733633041
71661000000000,0.0066335764713585,-0.0034448832739144,1.0008608102798462,-0.2712120115756988,-0.2105354368686676,0.0529707260429859
71671000000000,0.0052727665752172,-0.004364991094917,1.0002596378326416,0.3491480946540832,-0.1293011158704757,0.1011844053864479
71681000000000,0.0058759874664247,-0.0023851559963077,0.9983562231063844,0.1466473340988159,-0.2015572339296341,-0.172631174325943
71691000000000,0.0062748142518103,-0.0047046532854437,0.9996272921562196,0.1099095940589904,0.2474967539310455,0.2966227829456329
71701000000000,0.0090260952711105,-0.0069830301217734,1.0020573139190674,-0.0859289988875389,-0.110462799668312,0.1229063272476196
71711000000000,0.0093851191923022,-0.0050995391793549,1.0017521381378174,0.0709448456764221,0.052332267165184,0.0699109360575676
71721000000000,0.0075477161444723,-0.0036217595916241,1.000226378440857,0.0690799579024314,-0.0484036467969417,-0.032846599817276
71731000000000,0.0056066764518618,-0.0042443787679076,0.999558687210083,-0.2608097791671753,0.0674881935119628,0.1236872300505638
71741000000000,0.0070086233317852,-0.0033172590192407,1.0013402700424194,-0.0803664922714233,-0.2380080074071884,0.205082431435585
71751000000000,0.0074511040002107,-0.0044165360741317,1.0016175508499146,0.0546092763543129,-0.1837744861841201,-0.0136480052024126
71761000000000,0.007341296877712,-0.0051967650651931,1.0003894567489624,0.0696054622530937,0.0403853021562099,0.1712788492441177
71771000000000,0.0072647430934011,-0.005148647353053,1.0004428625106812,0.1949364840984344,0.0445183776319026,-0.1861541122198104
71781000000000,0.0093729794025421,-0.0037167570553719,1.000475287437439,-0.1190145313739776,-0.3440473973751068,-0.0215402003377676
71791000000000,0.0079253381118178,-0.0049275937490165,0.9993484616279602,0.0831371322274208,0.038094375282526,-0.1192501485347747
71801000000000,0.0059294295497238,-0.005095187574625,0.9993940591812134,-0.2474693655967712,0.4248595535755157,-0.0812421888113021
71811000000000,0.0058960835449397,-0.0027120062150061,0.9989457130432128,-0.0856590196490287,-0.0860705077648162,-0.010050724260509
71821000000000,0.0093803638592362,-0.0035132551565766,1.0004128217697144,0.0480991303920745,0.0733192563056945,-0.1170496270060539
71831000000000,0.0097069479525089,-0.0058203488588333,1.0015666484832764,0.1277703642845153,-0.4061291515827179,0.1597072184085846
71841000000000,0.006070178002119,-0.0043753115460276,1.0008759498596191,-0.0223683267831802,0.0563078559935092,0.0873271003365516
71851000000000,0.0059450375847518,-0.005704540759325,0.9993801712989808,0.194402739405632,0.0738251730799675,-0.1899078339338302
71861000000000,0.0064119542948901,-0.0045535275712609,0.9986541867256165,0.2018021792173385,-0.1739368140697479,0.3268287479877472
71871000000000,0.0069969622418284,-0.0035560980904847,1.002165675163269,0.1859073787927627,-0.0995070934295654,0.1982843726873397
71881000000000,0.007186378352344,-0.0036901710554957,1.002749800682068,-0.0073637180030345,0.1409373432397842,-0.1148157566785812
71891000000000,0.0084705054759979,-0.0026485798880457,1.001381278038025,0.0767359137535095,-0.1063349246978759,-0.0633026584982872
71901000000000,0.0082111470401287,-0.0051730857230722,1.0010396242141724,0.0532284490764141,-0.051832802593708,-0.0176300127059221
71911000000000,0.0079493215307593,-0.0035881840158253,1.0003691911697388,0.0778627544641494,0.4360561668872833,-0.0522408671677112
71921000000000,0.0075509902089834,-0.0030542602762579,1.000891089439392,0.0177819412201643,0.4769766628742218,-0.1108412891626358
71931000000000,0.0087347626686096,-0.0037049755919724,0.999163031578064,0.0967410951852798,-0.2786492109298706,0.1223276108503341
71941000000000,0.0092156026512384,-0.0026366624515503,0.9975660443305968,0.2250119745731353,-0.1350527107715606,-0.0287624020129442
71951000000000,0.0083497315645217,-0.0030721826478838,1.0011199712753296,0.1725205332040786,0.1081698462367057,-0.0024618348106741
71961000000000,0.0074943131767213,-0.0047345482744276,1.0025848150253296,0.0255876518785953,-0.4473211467266083,0.1098291724920272
71971000000000,0.0065472242422401,-0.0047077680937945,1.0029135942459106,-0.0564254373311996,0.1811459958553314,-0.0060506132431328
71981000000000,0.0057002189569175,-0.0065879356116056,0.9975805282592772,-0.0058587747626006,0.1417041569948196,-0.029885210096836
71991000000000,0.0068016378208994,-0.0054892157204449,0.9994838237762452,-0.0708859339356422,0.0394215062260627,-0.0341814719140529
72001000000000,0.0066935438662767,-0.0041741491295397,1.0005617141723633,0.0734023600816726,-0.0016572750173509,0.1483583003282547
72011000000000,0.0074320854619145,-0.0051195193082094,1.0006142854690552,0.0530303828418254,0.1624950468540191,-0.2029521316289901
72021000000000,0.0090324906632304,-0.0056417710147798,1.003225803375244,0.2979177832603454,0.1822768002748489,0.1059185713529586
72031000000000,0.0073342551477253,-0.0037273331545293,1.0013335943222046,0.0093245133757591,-0.0893632769584655,-0.2056670784950256
72041000000000,0.0060981456190347,-0.0033724221866577,1.0024280548095703,0.0225625075399875,0.1639042347669601,0.169657900929451
72051000000000,0.0049034683033823,-0.0046047768555581,0.9995880722999572,0.0328663289546966,-0.1742946356534958,-0.1610301733016967
72061000000000,0.0073395539075136,-0.0026764646172523,0.997369945049286,0.097193919122219,-0.0596642047166824,0.1907228678464889
72071000000000,0.0073489001952111,-0.0043378700502216,1.0000935792922974,0.0097951292991638,0.0357330106198787,-0.0144558949396014
72081000000000,0.0084733357653021,-0.0057951668277382,1.0015779733657837,-0.1030771061778068,0.2279421389102935,0.2714017629623413
72091000000000,0.0066687441430985,-0.005188341718167,1.0001939535140991,-0.1373187750577926,0.1178696155548095,-0.14218270778656
72101000000000,0.0066984067671,-0.0032209078781306,1.0001622438430786,0.0405653864145278,-0.2252944707870483,-0.177185982465744
72111000000000,0.0067905513569712,-0.003253651317209,0.9998401999473572,-0.0365053713321685,0.0125860618427395,0.1319221258163452
72121000000000,0.0060304682701826,-0.0043947901576757,1.0003085136413574,0.0847603380680084,0.0025615072809159,-0.113299436867237
72131000000000,0.006245644763112,-0.0043897139839828,1.000030755996704,0.0329950712621212,-0.1903544217348098,-0.0142358047887682
72141000000000,0.0065311435610055,-0.0047761187888681,1.000609040260315,-0.2845009267330169,-0.211678147315979,-0.0017613273812457
72151000000000,0.0057008671574294,-0.0033744908869266,0.999473750591278,-0.0039259064942598,0.0098512591794133,-0.2495675235986709
72161000000000,0.007883078418672,-0.0047348490916192,1.000596284866333,-0.0598837174475193,0.1480851918458938,-0.0181509032845497
72171000000000,0.0075017823837697,-0.0035629800986498,0.9993295073509216,0.0193476919084787,-0.1791475713253021,-0.0595068372786045
72181000000000,0.0066400808282196,-0.0026193216908723,0.9988122582435608,0.0147024113684892,-0.0919042900204658,-0.1442151069641113
72191000000000,0.0071571748703718,-0.0027799759991467,1.0000622272491455,-0.0961142480373382,-0.2348970919847488,0.0287788324058055
72201000000000,0.0052527072839438,-0.0052211629226803,1.0009835958480835,0.1994343250989914,0.077712632715702,0.0346891954541206
72211000000000,0.007488711271435,-0.002426641061902,1.000430703163147,0.0949767231941223,-0.0689698308706283,0.0997023954987526
72221000000000,0.0053453077562153,-0.0053181960247457,0.9990514516830444,0.0104069570079445,-0.060176134109497,-0.0104265017434954
72231000000000,0.0073919435963034,-0.0041011376306414,0.9993528723716736,0.3762524724006653,-0.3001871705055237,0.0289358589798212
72241000000000,0.0074897822923958,-0.0059573403559625,1.0003772974014282,-0.0276698246598243,0.1611877828836441,-0.0198731776326894
72251000000000,0.0056965136900544,-0.0057319239713251,0.9999685883522034,-0.0217366348952054,-0.4051249921321869,-0.1475115567445755
72261000000000,0.0080822752788662,-0.0046652555465698,0.9978312849998474,0.0360001921653747,0.1020922362804412,-0.063866302371025
72271000000000,0.0049530058167874,-0.0036218508612364,0.9995315074920654,0.1718796491622924,0.2600880265235901,0.1294457018375396
72281000000000,0.0061165741644799,-0.0053501864895224,1.001132249832153,0.077449046075344,-0.3002947866916656,0.0010628089075908
72291000000000,0.0089891944080591,-0.0044993669725954,1.0005565881729126,0.1395448744297027,0.2346353381872177,0.074910931289196
72301000000000,0.0087786521762609,-0.0039203236810863,1.0002797842025757,0.0490983128547668,0.1960154324769973,0.1704902797937393
72311000000000,0.0057144933380186,-0.0039373328909277,1.0003961324691772,-0.1250429898500442,-0.2567173838615417,-0.1814522445201873
72321000000000,0.0058445679023861,-0.0053497673943638,1.000104546546936,-0.112157292664051,-0.3329429030418396,0.105933092534542
72331000000000,0.008344791829586,-0.0048731383867561,1.0019593238830566,0.007792682852596,-0.0550779178738594,-0.4084896743297577
72341000000000,0.008722330443561,-0.0045843571424484,1.0016521215438845,0.1605258584022522,0.2202384173870086,-0.0457229427993297
72351000000000,0.0077180271036922,-0.0042239497415721,1.0012569427490234,-0.2452516555786132,0.0032869465649127,0.0596435852348804
72361000000000,0.0069522787816822,-0.0037225272972136,1.0010751485824585,-0.1108452379703521,0.1278674900531768,0.0469036661088466
72371000000000,0.007977545261383,-0.005176028702408,1.0017374753952026,-0.1296571046113968,0.0975401327013969,0.0041505699045956
72381000000000,0.0065130055882036,-0.0050374865531921,1.0011476278305054,-0.0090698972344398,0.0915314778685569,-0.1395843625068664
72391000000000,0.0063489135354757,-0.0042062671855092,0.9996317028999328,0.1862401813268661,0.0979068726301193,0.1318452656269073
72401000000000,0.0039099236018955,-0.004562672227621,0.9965841174125672,-0.0095058465376496,0.1186795458197593,-0.0009826702298596
72411000000000,0.0069897673092782,-0.0034482926130294,1.0005213022232056,-0.2090111076831817,0.122510515153408,-0.1275733113288879
72421000000000,0.0073404125869274,-0.0044398009777069,1.003523588180542,-0.1034341603517532,-0.2152217477560043,-0.121069885790348
72431000000000,0.0091434540227055,-0.0051727117970585,1.0007392168045044,-0.0394964143633842,-0.0064800935797393,-0.1475023478269577
72441000000000,0.0052503715269267,-0.0027045328170061,0.9984501004219056,0.0200810451060533,0.1742113977670669,0.1154468283057212
72451000000000,0.0054867714643478,-0.0028154547326266,0.9980871677398682,-0.1517189145088195,0.0142404371872544,0.0559327974915504
72461000000000,0.0083504971116781,-0.004416583571583,1.0023165941238403,0.3868846595287323,0.0282320566475391,0.0103704491630196
72471000000000,0.0077267214655876,-0.0057278415188193,1.001319169998169,-0.2462141066789627,-0.1068250983953476,0.0276541486382484
72481000000000,0.0058211833238601,-0.0057628750801086,1.0001282691955566,0.0846253633499145,-0.047029223293066,-0.1175321415066719
72491000000000,0.0050572282634675,-0.0032155951485037,0.9996993541717528,0.0505518391728401,0.1065668240189552,0.0314627178013324
72501000000000,0.0081310924142599,-0.0033366293646395,1.0001569986343384,-0.1325639337301254,-0.1708059906959533,-0.0059995660558342
72511000000000,0.0080879284068942,-0.0047489032149314,1.0006030797958374,-0.0909320265054702,-0.351761132478714,0.2200600951910019
72521000000000,0.0054530058987438,-0.0047820745967328,1.0018329620361328,0.0424231849610805,-0.0279503148049116,0.1235885173082351
72531000000000,0.0058935177512466,-0.005658742506057,1.0006386041641235,-0.0301395561546087,-0.0147663773968815,0.0729290693998336
72541000000000,0.0070332051254808,-0.0057534845545887,1.0017106533050537,0.2121702134609222,0.1869129687547683,-0.1785273253917694
72551000000000,0.0072914496995508,-0.004778086207807,1.001220941543579,0.0644543543457984,0.1069342941045761,0.1483518928289413
72561000000000,0.0060257846489548,-0.0041885077953338,0.999884068965912,0.1892579197883606,0.1811241805553436,-0.0787029266357421
72571000000000,0.0058269528672099,-0.0027990250382572,1.0005714893341064,0.1052605807781219,-0.2002999037504196,-0.0907083451747894
72581000000000,0.0082330582663416,-0.0036969159264117,1.0009994506835938,0.162258431315422,-0.0693362653255462,-0.0388195104897022
72591000000000,0.0071823974139988,-0.0033992109820246,1.0000721216201782,0.0133197577670216,0.2582703828811645,0.122677281498909
72601000000000,0.0093326391652226,-0.0058114565908908,1.0020902156829834,0.0988647863268852,0.0094908941537141,-0.0164541415870189
72611000000000,0.0081922430545091,-0.0055785048753023,0.999049425125122,-0.1401926130056381,-0.3305718600749969,-0.0272178258746862
72621000000000,0.0060049630701541,-0.0037056358996778,1.0002139806747437,0.0735186263918876,-0.0169856380671262,-0.0217635259032249
72631000000000,0.0082151275128126,-0.0050692721270024,1.0010507106781006,0.1071642711758613,-0.1783904880285263,0.0951641798019409
72641000000000,0.0083646951243281,-0.0041386149823665,1.0014710426330566,0.071087472140789,0.2517919242382049,-0.1619277596473693
72651000000000,0.008585937321186,-0.0035827483516186,1.0010278224945068,0.0199473239481449,-0.0845873802900314,0.0033907005563378
72661000000000,0.0061749718151986,-0.0026757700834423,1.001363754272461,-0.0939620062708854,-0.1477507948875427,-0.0032261593732982
72671000000000,0.0081913294270634,-0.0034860668238252,1.0012404918670654,0.1656515598297119,0.1663876920938491,-0.0646117478609085
72681000000000,0.006758046336472,-0.0049131428822875,1.0016977787017822,-0.0570402145385742,-0.2239648997783661,-0.0353172942996025
72691000000000,0.0067310719750821,-0.0041646086610853,1.000144362449646,0.0720324665307998,-0.1263182163238525,0.1744582802057266
72701000000000,0.0039424826391041,-0.0021664188243448,0.9997610449790956,0.0146021749824285,-0.0424311161041259,0.0798060595989227
72711000000000,0.0055735069327056,-0.0028477085288614,1.0010346174240112,-0.0078809708356857,-0.0257006026804447,0.1148938909173011
72721000000000,0.0072231399826705,-0.0045558074489235,1.0003485679626465,-0.1963427662849426,-0.1183102056384086,-0.0516663119196891
72731000000000,0.0076147164218127,-0.0046702371910214,1.0021480321884155,0.0454208441078662,-0.4000644087791443,0.1375290751457214
72741000000000,0.0075186346657574,-0.0035904629621654,1.0027741193771362,-0.134052112698555,0.0411965548992157,0.1175801455974578
72751000000000,0.0066843265667557,-0.0038814656436443,0.9987980723381042,-0.0712271630764007,-0.0411798395216465,-0.054258082062006
72761000000000,0.004386228043586,-0.0043151141144335,1.000630259513855,0.1420427560806274,0.0916721373796463,0.0597158707678318
72771000000000,0.0062915957532823,-0.0052754781208932,1.0013699531555176,0.1033991947770118,0.1882997304201126,0.0709735974669456
72781000000000,0.0072741429321467,-0.0045106788165867,1.0008022785186768,0.0484850071370601,-0.3632214963436126,-0.1226249560713768
72791000000000,0.0065336157567799,-0.0025191626045852,0.9998713731765748,-0.1595983803272247,-0.1736423373222351,0.0540471412241458
72801000000000,0.0056624277494847,-0.0032903268001973,0.998320698738098,0.13942851126194,-0.163142591714859,-0.2523689866065979
72811000000000,0.0062836986035108,-0.0020936999935656,1.0000646114349363,0.080824464559555,0.0145528046414256,-0.0647194981575012
72821000000000,0.0074143675155937,-0.0040099956095218,1.0005468130111694,0.0082597099244594,-0.3580436706542969,-0.0275915954262018
72831000000000,0.00724883005023,-0.00207054708153,1.0017623901367188,-0.1117192730307579,-0.0714727118611335,0.0546087399125099
72841000000000,0.0064799953252077,-0.0033607510849833,1.0013607740402222,0.0238862056285142,0.0035679372958838,-0.0559511855244636
72851000000000,0.0079603549093008,-0.0028920108452439,1.0022341012954712,0.1652785986661911,-0.041923452168703,-0.0267036575824022
72861000000000,0.0063211196102201,-0.0032933999318629,0.999783456325531,-0.082160398364067,-0.2477086037397384,0.0804976746439933
72871000000000,0.0079143224284052,-0.0046415165998041,0.9994550347328186,-0.0582360439002513,0.0214430894702672,-0.0343208648264408
72881000000000,0.0069448775611817,-0.0049635786563158,1.0007590055465698,0.4021359086036682,-0.2349385470151901,0.1578625291585922
72891000000000,0.0054629258811473,-0.0045696068555116,0.9999624490737916,0.0859652832150459,-0.042768444865942,0.0124520920217037
72901000000000,0.0069832815788686,-0.004392965696752,0.9995713233947754,-0.1124713420867919,-0.3397376835346222,-0.0540550090372562
72911000000000,0.0080430498346686,-0.0035760346800088,0.9991347789764404,-0.2195304483175277,0.0793915465474128,-0.0826412439346313
72921000000000,0.0072172316722571,-0.0039848433807492,0.9993529319763184,0.0335951074957847,-0.1532670259475708,0.2415509968996048
72931000000000,0.0061967559158802,-0.0033141234889626,1.0013835430145264,0.263931930065155,-0.1240124478936195,0.0405188724398613
72941000000000,0.0055533554404973,-0.0040207826532423,1.0022039413452148,0.0946388095617294,0.0767143964767456,0.0473911389708519
72951000000000,0.0078612407669425,-0.0063331434503197,0.9993031620979308,-0.1079493537545204,-0.0832932442426681,0.2302998155355453
72961000000000,0.0067384000867605,-0.0048561240546405,0.9998852610588074,0.2052744925022125,-0.2288073301315307,0.1469916105270385
72971000000000,0.0062634786590933,-0.0036416258662939,1.0029553174972534,-0.076929785311222,0.1327381134033203,-0.1677575260400772
72981000000000,0.0065713934600353,-0.0028266585431993,1.0030659437179563,-0.0072005959227681,-0.1077572852373123,-0.0611870028078556
72991000000000,0.0051727965474128,-0.0040346272289752,1.002052903175354,0.0907249599695205,0.0983064547181129,0.0226342491805553
73001000000000,0.0066299717873334,-0.0035980229731649,1.0007532835006714,-0.0543788410723209,-0.1525800824165344,0.1560704112052917
73011000000000,0.0045822449028491,-0.0036064411979168,1.0000901222229004,-0.116455003619194,-0.1958156377077102,-0.0707167834043502
73021000000000,0.0067406636662781,-0.0034627215936779,1.0015535354614258,-0.1834778040647506,-0.3141365349292755,-0.0173079203814268
73031000000000,0.0103249670937657,-0.0048888181336224,1.0022003650665283,0.1320228725671768,0.0121930949389934,-0.1481895595788955
73041000000000,0.0071602556854486,-0.0050456011667847,1.001936674118042,0.0226522218436002,0.2266132235527038,0.0105595113709568
73051000000000,0.0063451831229031,-0.0048041371628642,0.999044954776764,0.0439957082271575,-0.2189986854791641,0.0435288250446319
73061000000000,0.0075981933623552,-0.0041000507771968,0.9995802640914916,-0.0214045941829681,-0.1026492267847061,0.1770398318767547
73071000000000,0.0075785503722727,-0.0062316851690411,1.001511573791504,-0.0645306855440139,-0.2155766487121582,-0.1374846845865249
73081000000000,0.0068615772761404,-0.0080916611477732,1.0012900829315186,-0.2746853232383728,-0.0693356394767761,-0.1303975582122802
73091000000000,0.004439452663064,-0.0039600320160388,0.9996470808982848,-0.1579706072807312,0.3397939205169678,-0.1321647763252258
73101000000000,0.0049841720610857,-0.0037287611048668,1.0001065731048584,0.3219992816448211,-0.0884936153888702,0.1261032223701477
73111000000000,0.006268136203289,-0.0034698529634624,1.0017999410629272,0.1104553118348121,0.134726196527481,-0.0536802075803279
73121000000000,0.0071289464831352,-0.0030370070599019,1.0003700256347656,-0.0284067168831825,-0.2430441081523895,-0.2371232956647873
73131000000000,0.0063193389214575,-0.0051199672743678,1.0018610954284668,0.0184957198798656,-0.1226611658930778,-0.1245341897010803
73141000000000,0.0066862474195659,-0.0051501221023499,1.0025010108947754,0.0918699651956558,0.1847446113824844,0.0360176004469394
73151000000000,0.0065805544145405,-0.0046761981211602,1.0015872716903689,0.0958555713295936,-0.0669783875346183,0.135248914361
73161000000000,0.0071264710277318,-0.005616262089461,1.000594973564148,0.127423420548439,0.0634220391511917,-0.1022594794631004
73171000000000,0.0058565274812281,-0.0050580315291881,1.000067114830017,0.0514674372971057,0.1292705982923507,0.0405898243188858
73181000000000,0.00746546452865,-0.0042546796612441,0.997465968132019,-0.1130326092243194,-0.046053048223257,-0.1002431809902191
73191000000000,0.0080874487757682,-0.0044708005152642,0.9992186427116394,0.1904622465372085,0.0872441083192825,-0.1350616216659546
73201000000000,0.0068067172542214,-0.0058016846887767,1.000887155532837,-0.0089479554444551,-0.1562761813402176,-0.1507106572389602
73211000000000,0.0069282697513699,-0.0043475669808685,1.0002778768539429,0.0944952592253685,-0.1433368772268295,0.0459502041339874
73221000000000,0.0072564976289868,-0.0037518243771046,0.9994690418243408,-0.1336571723222732,0.0558414161205291,-0.3640279173851013
73231000000000,0.0066064591519534,-0.0053586224094033,1.0029165744781494,0.1343610733747482,0.203141376376152,-0.0032694595865905
73241000000000,0.0054058576934039,-0.0060712425038218,0.9998185634613036,-0.0500003024935722,-0.1010133549571037,0.0493692569434642
73251000000000,0.0065100705251097,-0.0049724159762263,0.9999783039093018,-0.0115499189123511,-0.0439316928386688,0.1648882031440735
73261000000000,0.0071117486804723,-0.0039467359893023,1.0005676746368408,-0.0445153266191482,-0.0742601007223129,0.0009069962543435
73271000000000,0.0072109340690076,-0.0042500710114836,0.9984501600265504,-0.0607250295579433,0.2013600170612335,-0.2235650420188903
73281000000000,0.0085733607411384,-0.0039104903116822,1.0009486675262451,0.031000018119812,-0.0569853037595748,0.083269253373146
73291000000000,0.0062996041961014,-0.0027094401884824,0.9985737204551696,-0.0115350196138024,0.1067845001816749,-0.1473579704761505
73301000000000,0.0068079023621976,-0.0043357186950743,0.9969897270202636,-0.1931161135435104,-0.5438506603240967,-0.0004559473018161
73311000000000,0.0076352371834218,-0.0057658408768475,0.9998302459716796,-0.01859712600708,0.1439204216003418,0.0210745260119438
73321000000000,0.0081817330792546,-0.0061634951271116,1.000041365623474,-0.4175367653369903,-0.1247567236423492,-0.0150733385235071
73331000000000,0.0086353532969951,-0.0068176984786987,1.000681757926941,0.2154733538627624,0.1792909651994705,0.0512937642633914
73341000000000,0.0075407344847917,-0.0055110519751906,1.000004529953003,0.1254256665706634,-0.243373304605484,-0.1694196164608001
73351000000000,0.0061241025105118,-0.0049213818274438,1.0039936304092407,-0.0817666202783584,-0.0731853768229484,-0.136136382818222
73361000000000,0.0079509206116199,-0.0028310203924775,1.0013138055801392,0.0553948171436786,-0.1324407160282135,0.2987847030162811
73371000000000,0.0062450631521642,-0.003721937071532,0.999090611934662,-0.061239056289196,-0.3264046609401703,-0.0827919766306877
73381000000000,0.0080479783937335,-0.0050867251120507,1.0001132488250732,0.0064420835115015,0.2198332399129867,0.1882455497980117
73391000000000,0.007355626206845,-0.0055487896315753,1.000014066696167,-0.139687567949295,-0.1747351586818695,-0.0986097529530525
73401000000000,0.0045392271131277,-0.0039784479886293,1.0003023147583008,-0.0146833471953868,-0.0723227337002754,-0.0228070169687271
73411000000000,0.0063508185558021,-0.0038546773139387,0.9977462887763976,0.2130527049303054,-0.048907171934843,-0.1513664126396179
73421000000000,0.0083795553073287,-0.0028631321620196,0.9997929334640504,-0.1921223402023315,0.0122988168150186,-0.1766224801540374
73431000000000,0.0075532621704041,-0.0044600428082048,1.0009615421295166,-0.095539279282093,0.0058855097740888,-0.1433306187391281
73441000000000,0.0048219128511846,-0.0029181374702602,0.999624729156494,0.2659613788127899,0.0571324117481708,0.3096558451652527
73451000000000,0.0076808286830782,-0.0050728134810924,0.9986227750778198,0.0174990966916084,0.1767867803573608,0.1136980131268501
73461000000000,0.007454237435013,-0.0061129503883421,1.0011569261550903,0.3638300001621246,-0.2110944390296936,0.0313446149230003
73471000000000,0.0061146924272179,-0.0037038831505924,1.00129234790802,-0.1082462444901466,-0.5585102438926697,-0.1912384778261184
73481000000000,0.0057745543308556,-0.0034787806216627,1.0018287897109983,0.1459023207426071,-0.1727755963802337,-0.0304428394883871
73491000000000,0.0048983627930283,-0.0038991728797554,1.0007472038269043,0.0359690524637699,0.1539279371500015,-0.1396427154541015
73501000000000,0.0053873900324106,-0.0041280672885477,0.997603476047516,-0.091398611664772,-0.2181737571954727,-0.1032381877303123
73511000000000,0.0042850845493376,-0.0039039852563291,1.0052372217178345,0.1196429282426834,-0.2358212620019912,-0.0731897056102752
73521000000000,0.0073442151769995,-0.0044272537343204,1.0004396438598633,0.0512675084173679,0.1066025644540786,0.0373743586242198
73531000000000,0.0035314529668539,-0.003811047412455,1.0031808614730835,0.1905298084020614,-0.1752664297819137,-0.004026333335787
73541000000000,0.0059211086481809,-0.0022555841132998,0.9985293745994568,0.2370538860559463,-0.2087143808603286,-0.1738375574350357
73551000000000,0.0062763188034296,-0.0036266760434955,1.0032923221588137,0.0054598893038928,-0.2023189961910247,0.0892102718353271
73561000000000,0.0106160212308168,-0.0039961095899343,0.99955415725708,-0.2533353269100189,0.0621734596788883,-0.1737421005964279
73571000000000,0.0078025236725807,-0.005358837544918,1.0017579793930054,-0.0767127647995948,0.2593268454074859,0.2378879934549331
73581000000000,0.0063219359144568,-0.0029958498198539,0.9976425766944884,0.1327917575836181,0.0528006516396999,-0.1091985180974006
73591000000000,0.0045951204374432,-0.0016236351802945,1.0048348903656006,0.1308145821094513,0.236067995429039,-0.1392452716827392
73601000000000,0.0072877700440585,-0.0050657335668802,1.0021182298660278,-0.1733089089393615,-0.0229195039719343,-0.0443707592785358
73611000000000,0.0079218838363885,-0.0037811864167451,1.0017191171646118,0.117715448141098,0.164878100156784,0.177346795797348
73621000000000,0.0059345657937228,-0.0043775280937552,1.0003925561904907,0.2072738111019134,0.0037951678968966,0.0343175865709781
73631000000000,0.0056904833763837,-0.0036071257200092,0.9983903169631958,-0.1064155176281929,-0.0101099042221903,-0.0643403232097625
73641000000000,0.0068559278734028,-0.0067124790512025,0.99715393781662,-0.1674191653728485,-0.1692852079868316,0.2190631181001663
73651000000000,0.0067151803523302,-0.0060390322469174,0.9990466237068176,0.2763152718544006,0.0374834313988685,-0.0282981395721435
73661000000000,0.0063119502738118,-0.00430628657341,0.9998186826705932,-0.0873861387372016,-0.013840059749782,0.1448456943035125
73671000000000,0.0046468800865113,-0.0043570026755332,1.0002049207687378,0.2138947993516922,-0.2883201837539673,0.2055145353078842
73681000000000,0.0053323698230087,-0.0047894106246531,0.999046504497528,0.2399807125329971,-0.1157365813851356,-0.0982515066862106
73691000000000,0.0085614379495382,-0.0032407871913164,1.001097559928894,-0.1016362458467483,0.0618796721100807,-0.1040976494550705
73701000000000,0.0094411140307784,-0.0032099832314997,1.0028207302093506,0.19646517932415,0.1256652325391769,0.019618384540081
73711000000000,0.0081714000552892,-0.0045513929799199,1.0030789375305176,0.0258945990353822,-0.0183145534247159,0.0356307104229927
73721000000000,0.0051798149943351,-0.0053601493127644,0.9977657794952391,0.2459079772233963,-0.1484412550926208,0.1805658489465713
73731000000000,0.0056421803310513,-0.0039169485680758,0.998468816280365,0.1371253430843353,-0.3021778762340545,0.0250176824629306
73741000000000,0.0068591814488172,-0.0036898718681186,0.9995983839035034,0.1301404535770416,0.0983766391873359,0.1310911476612091
73751000000000,0.0071212826296687,-0.0041972789913415,1.0007479190826416,-0.0337727107107639,-0.1771976351737976,0.1534723937511444
73761000000000,0.0063282889313995,-0.004307656083256,1.0008701086044312,0.2058794200420379,-0.2320640385150909,-0.0763482525944709
73771000000000,0.0049063568003475,-0.0034820362925529,1.0009124279022217,0.0910232812166214,0.0214190296828746,0.1026382073760032
73781000000000,0.0077967718243598,-0.0043990174308419,1.0009502172470093,-0.1299423724412918,0.1313061416149139,-0.0518373027443885
73791000000000,0.0080770449712872,-0.0046430178917944,1.0026050806045532,-0.0800639763474464,0.3352771401405334,0.0027422923594713
73801000000000,0.0069241640157997,-0.0055942898616194,1.001503348350525,0.1405068933963775,-0.175907090306282,0.2445383369922638
73811000000000,0.0065172309987246,-0.0053716339170932,1.0010203123092651,0.1110778003931045,0.2235069870948791,-0.0050056492909789
73821000000000,0.0083758709952235,-0.0040147197432816,1.001785397529602,0.1212696284055709,0.2869937717914581,0.0192041844129562
73831000000000,0.0080377655103802,-0.0025028025265783,1.0011255741119385,-0.1493366062641143,-0.0955405682325363,-0.0326958522200584
73841000000000,0.0071355807594954,-0.003465223358944,1.0017714500427246,0.178137794137001,0.2127265185117721,0.079074703156948
73851000000000,0.0070281033404171,-0.0036801814567297,1.0016183853149414,0.1431632041931152,-0.1156582832336425,0.0356625020503997
73861000000000,0.0076003377325832,-0.0048322840593755,1.0013651847839355,0.1735143810510635,-0.2193126380443573,-0.0188234653323888
73871000000000,0.0073296488262712,-0.0031741594430059,1.00202739238739,-0.1957301646471023,-0.4903407096862793,-0.1607225686311721
73881000000000,0.0083741983398795,-0.0044205137528479,0.9999937415122986,-0.1450061798095703,0.4984040558338165,-0.0480181723833084
73891000000000,0.0095520764589309,-0.0033401364926248,1.0005784034729004,-0.1350206285715103,-0.1710115522146225,-0.0398022979497909
73901000000000,0.0077835684642195,-0.0046921279281377,1.000125527381897,0.0452411137521266,-0.1429637670516967,0.1676935106515884
73911000000000,0.0042128465138375,-0.0043361405842006,0.9972124695777892,0.0981406718492508,0.0953015610575676,0.0619812570512294
73921000000000,0.0068342923186719,-0.004393639974296,0.996858298778534,-0.0372376590967178,-0.1830116659402847,0.0753359273076057
73931000000000,0.0076289065182209,-0.0033207654487341,1.0006369352340698,0.1025405377149581,-0.1282560378313064,-0.1393023133277893
73941000000000,0.0085401013493537,-0.001658419962041,1.0006309747695925,-0.1757732331752777,0.0173136908560991,-0.1626934707164764
73951000000000,0.0093387952074408,-0.0037498674355447,1.0028704404830933,-0.0612243376672267,-0.1634134650230407,-0.1805380582809448
73961000000000,0.0059746890328824,-0.0040947068482637,1.001372218132019,-0.0804608017206192,-0.2544184327125549,-0.1634144037961959
73971000000000,0.0068327654153108,-0.0040301950648427,1.000072717666626,0.0053392397239804,0.0619820021092891,-0.2021849304437637
73981000000000,0.005923849530518,-0.0053010010160505,0.9997613430023192,0.0948312357068061,-0.01907798089087,0.0296843610703945
73991000000000,0.0062163760885596,-0.0050492826849222,1.0014586448669434,-0.0851954892277717,-0.1111389324069023,0.142704039812088
74001000000000,0.0083521269261837,-0.0036899107508361,1.001468300819397,-0.2920360863208771,-0.1317624300718307,-0.0995383560657501
74011000000000,0.0087423808872699,-0.0023690466769039,1.000823140144348,0.1173727735877037,0.3935631215572357,0.1825269758701324
74021000000000,0.0064479424618184,-0.0014014866901561,1.0007078647613523,0.0142927402630448,-0.2153317481279373,-0.0316449403762817
74031000000000,0.0068072672002017,-0.0039732353761792,0.9990563988685608,0.0383135601878166,0.2134464681148529,-0.0256382543593645
74041000000000,0.008386573754251,-0.0041857701726257,0.9988376498222352,-0.0157194584608078,-0.0817359164357185,-0.1005630642175674
74051000000000,0.0089709097519516,-0.0045098331756889,0.9978512525558472,0.1280709952116012,-0.3837065100669861,-0.1311123818159103
74061000000000,0.0086103724315762,-0.0037530614063143,1.0012519359588623,0.0919637531042099,-0.110568456351757,0.0842457041144371
74071000000000,0.006290225777775,-0.0041160252876579,1.001949906349182,-0.0678171515464782,-0.2200074195861816,-0.2695311903953552
74081000000000,0.0079800691455602,-0.0037302263081073,0.9984198212623596,0.0369563587009906,0.0027961342129856,-0.0098651191219687
74091000000000,0.0073841577395796,-0.0041315606795251,1.0013904571533203,0.2792265117168426,0.2307260632514953,0.0406505055725574
74101000000000,0.0055498932488262,-0.0029854697640985,0.9995220899581908,-0.0094011407345533,-0.1409947425127029,-0.132564902305603
74111000000000,0.0056198462843894,-0.0047837346792221,0.998165488243103,0.0245855543762445,0.1164266988635063,-0.3038544356822967
74121000000000,0.0059132752940058,-0.0049560931511223,1.0001933574676514,0.0813771411776542,-0.7169111967086792,-0.1710892766714096
74131000000000,0.0060585117898881,-0.0048890463076531,1.001104712486267,0.1342816948890686,0.2660526931285858,0.1396199017763137
74141000000000,0.0075751896947622,-0.002617553807795,1.0014698505401611,0.3178506791591644,-0.0975296869874,-0.2239419072866439
74151000000000,0.0061086360365152,-0.0050978758372366,1.0023078918457031,-0.1369014680385589,0.0249574147164821,-0.1371182799339294
74161000000000,0.0053510540165007,-0.0027842645067721,0.9991753697395324,0.2332594245672226,-0.2766228914260864,0.0055328807793557
74171000000000,0.0068793413229286,-0.0018436154350638,1.0002702474594116,0.1221612766385078,0.1349549889564514,0.0322328694164752
74181000000000,0.0071019995957612,-0.0036922395229339,1.00123393535614,0.2440513223409652,-0.2072658389806747,-0.067794844508171
74191000000000,0.0093642976135015,-0.0022493638098239,1.0026675462722778,-0.022257849574089,0.0479230843484401,-0.2087913006544113
74201000000000,0.0095347799360752,-0.003672168822959,1.0027340650558472,0.2012415379285812,-0.0085493419319391,0.0122621245682239
74211000000000,0.0061074057593941,-0.0027866042219102,1.000214695930481,-0.0567152947187423,-0.0417845249176025,0.0625714883208274
74221000000000,0.0040499842725694,-0.0045155882835388,0.9964842796325684,-0.1105123832821846,0.045318778604269,0.138034239411354
74231000000000,0.0074963206425309,-0.0033721721265465,0.9985345005989076,0.1420691013336181,-0.0249206665903329,-0.0062376610003411
74241000000000,0.0084623228758573,-0.0045771463774144,0.9996914863586426,0.1055208221077919,-0.1609432846307754,0.0042416830547153
74251000000000,0.0083217285573482,-0.004935816861689,1.0025886297225952,0.064159907400608,0.072244755923748,-0.2858370840549469
74261000000000,0.0056255408562719,-0.0044700484722852,1.0014212131500244,-0.0673496574163436,0.2138897329568863,0.0980680584907531
74271000000000,0.002810688689351,-0.0047248457558453,0.998466968536377,0.0945755839347839,0.1973177641630172,-0.1093257218599319
74281000000000,0.0067640580236911,-0.0047515193000435,0.9986174702644348,-0.1877771466970443,-0.1062300577759742,-0.0987967550754547
74291000000000,0.0094552189111709,-0.0038957011420279,1.0022220611572266,0.0689795836806297,0.0039939130656421,0.0178751703351736
74301000000000,0.0089966170489788,-0.0044758184812963,1.0012789964675903,0.2716457545757293,-0.3116101622581482,-0.1623354852199554
74311000000000,0.0068095065653324,-0.0021475681569427,0.999738335609436,0.0706795454025268,-0.1528765112161636,0.048091422766447
74321000000000,0.0055509614758193,-0.0031828400678932,0.9992033839225768,0.2913934290409088,-0.4427733719348907,0.0579547733068466
74331000000000,0.0074802692979574,-0.00305119715631,0.9988728761672974,0.1249775663018226,-0.1565433144569397,0.1710111051797866
74341000000000,0.008082608692348,-0.0038102420512586,0.9975407123565674,0.119873046875,-0.3597859144210815,-0.0127542894333601
74351000000000,0.0077410046942532,-0.0046787038445472,0.9993987679481506,0.1993668526411056,0.2442279458045959,0.1056547611951828
74361000000000,0.0064951074309647,-0.0034994755405932,1.000496745109558,0.128749594092369,-0.2777316868305206,-0.199448749423027
74371000000000,0.0082129696384072,-0.0033204529900103,1.0021440982818604,0.3583784997463226,-0.0458041727542877,0.0820248201489448
74381000000000,0.0100979348644614,-0.0033969499636441,1.0009338855743408,-0.0096046617254614,-0.2970237135887146,0.1155252903699874
74391000000000,0.0093120848760008,-0.0031190859153866,0.9998065233230592,0.1797546446323394,-0.079027883708477,-0.036944568157196
74401000000000,0.0071425517089664,-0.0039126868359744,0.9985136985778807,0.1642631292343139,-0.0836832076311111,0.0669264122843742
74411000000000,0.0066381520591676,-0.0038000254426151,1.0002059936523438,-0.0662918016314506,-0.2465170323848724,0.0405710861086845
74421000000000,0.0080089243128895,-0.0035436805337667,1.001708984375,-0.0488778762519359,-0.1756396293640136,0.0833824723958969
74431000000000,0.0094731179997324,-0.0037897087167948,1.0011534690856934,0.0912427604198455,-0.4910436570644378,0.0718535706400871
74441000000000,0.0086886594071984,-0.001604410004802,0.9989625215530396,0.1740161031484604,0.0274903327226638,0.1732522100210189
74451000000000,0.0054827844724059,-0.0027134916745126,0.999413251876831,0.2083523422479629,0.0855949968099594,0.1080650463700294
74461000000000,0.0056073227897286,-0.0044348430819809,1.002181887626648,0.1039386093616485,0.1002871021628379,-0.0348236598074436
74471000000000,0.0063480748794972,-0.0027069747447967,1.002041220664978,0.1516754478216171,0.086109884083271,-0.121227778494358
74481000000000,0.0083873067051172,-0.0037968540564179,0.9998019337654114,-0.153790608048439,-0.0520402416586875,-0.016855776309967
74491000000000,0.006972171831876,-0.0034780190326273,0.9994931817054749,0.2211074084043502,0.0047872024588286,0.0249287690967321
74501000000000,0.0076028076000511,-0.0034680336248129,0.9999775290489196,0.2083494812250137,-0.1274025589227676,-0.3149625658988952
74511000000000,0.0090969959273934,-0.0036692265421152,0.9997261166572572,0.0146718081086874,-0.1771571487188339,0.1293625235557556
74521000000000,0.0087941717356443,-0.0039320257492363,1.000535488128662,0.0336917079985141,0.2265298068523407,-0.1236273273825645
74531000000000,0.0070665795356035,-0.003528592409566,1.0010215044021606,0.1287463307380676,0.3299125432968139,-0.1165133789181709
74541000000000,0.0053289313800632,-0.0041514877229928,1.0009329319000244,0.0285625495016574,-0.274806797504425,-0.1291755586862564
74551000000000,0.0063057322986423,-0.0066831912845373,1.0017075538635254,0.0700544938445091,0.0512486770749092,0.0654104277491569
74561000000000,0.0083522433415055,-0.0057998429983854,1.0000078678131104,0.0398141779005527,-0.1732632964849472,0.2602259814739227
74571000000000,0.0086811734363436,-0.0048710159026086,0.9995429515838624,0.2245714515447616,-0.0146150020882487,-0.0432776100933551
74581000000000,0.0077258190140128,-0.0034360026475042,1.002350926399231,0.0557987056672573,0.2067930847406387,-0.1440669894218444
74591000000000,0.0065882746130228,-0.0049190982244908,1.0038800239562988,0.110389694571495,-0.3622394204139709,0.1488393694162368
74601000000000,0.0063536083325743,-0.0042909835465252,1.0018349885940552,0.2243033498525619,0.0672041252255439,-0.0855461210012435
74611000000000,0.0064529846422374,-0.0044670267961919,1.0007593631744385,-0.1080204471945762,-0.1451392918825149,-0.0171566940844059
74621000000000,0.0055003142915666,-0.0055357674136757,1.0018404722213743,0.0514383986592292,0.0892888233065605,0.0169007312506437
74631000000000,0.0038755175191909,-0.0031445731874555,1.0017164945602417,-0.1160048395395279,0.1017273589968681,0.1564391255378723
74641000000000,0.005287162028253,-0.0054290420375764,0.9995740056037904,0.0419823825359344,-0.1875117570161819,-0.1259819269180297
74651000000000,0.0077951326966285,-0.0050862482748925,0.9992549419403076,-0.1556110680103302,-0.2199429124593734,-0.0130339665338397
74661000000000,0.0075974999926984,-0.0056228158064186,1.00037682056427,-0.0029760373290628,0.1627755016088485,0.0431144721806049
74671000000000,0.0058056009002029,-0.005036418326199,1.0007882118225098,0.1291666030883789,-0.1082506775856018,0.0593763068318367
74681000000000,0.0076203038915991,-0.0045930873602628,0.9989783763885498,-0.077105812728405,0.1849798858165741,0.0052955267019569
74691000000000,0.0070897177793085,-0.0034304701257497,0.9986683130264282,0.1684751808643341,-0.1453982144594192,0.0722439885139465
74701000000000,0.0053647700697183,-0.0035636064130812,1.000078201293945,-0.0024487795308232,-0.2311880886554718,0.08005391061306
74711000000000,0.0049193347804248,-0.0043401108123362,0.9993781447410583,0.0452349297702312,-0.1914083659648895,-0.0044449004344642
74721000000000,0.0051922863349318,-0.0048543619923293,0.9985606074333192,0.0676212310791015,-0.0774082615971565,-0.0702199563384056
74731000000000,0.0056005897931754,-0.004726365674287,0.9990194439888,-0.1220402121543884,-0.2169978320598602,-0.0753066837787628
74741000000000,0.0070204907096922,-0.0034211932215839,0.9996050596237184,0.2383934706449508,0.1187082678079605,-0.2339779287576675
74751000000000,0.0038439116906374,-0.0024485862813889,0.9984585642814636,-0.0420157201588153,-0.0963693112134933,0.0384594984352588
74761000000000,0.0078100296668708,-0.0044020609930157,0.9998437762260436,0.0486925207078456,-0.399867445230484,0.0285905729979276
74771000000000,0.0092591410502791,-0.0053271604701876,1.0014290809631348,-0.0366401858627796,-0.0270237289369106,-0.1739394068717956
74781000000000,0.0065817674621939,-0.0035291663371026,1.00345778465271,0.1717565655708313,0.3546519875526428,0.1929314881563186
74791000000000,0.0061169555410742,-0.0049888673238456,1.0020924806594849,-0.0546114929020404,0.0955337658524513,0.0546736866235733
74801000000000,0.0062475926242768,-0.0056317117996513,0.9994618892669678,0.1662185341119766,-0.0459430180490016,0.0168868415057659
74811000000000,0.0077282520942389,-0.0069688390940427,1.001423954963684,-0.023083297535777,-0.1983752697706222,0.3777377605438232
74821000000000,0.0063631441444158,-0.0049097435548901,0.9990718364715576,-0.06483955681324,-0.0085103865712881,-0.0322150066494941
74831000000000,0.006503090262413,-0.003375049913302,0.9999133348464966,0.1776821315288543,-0.0749735236167907,-0.0093664843589067
74841000000000,0.0065305414609611,-0.0040597501210868,0.9994752407073976,-0.142284020781517,0.0075775384902954,-0.2499608695507049
74851000000000,0.0064262431114912,-0.0052396981045603,1.000983715057373,0.1740903556346893,-0.2907974421977997,-0.1258680373430252
74861000000000,0.0063116969540715,-0.0047305431216955,1.0005524158477783,-0.0935157313942909,-0.0329890586435794,0.0251621752977371
74871000000000,0.0078048259019851,-0.0028991596773266,0.9999891519546508,0.0345777161419391,0.0936255156993866,-0.0723380148410797
74881000000000,0.0084332460537552,-0.0050159385427832,0.9996711015701294,-0.1263138949871063,0.1028876081109047,-0.0885995179414749
74891000000000,0.0072491038590669,-0.0054025002755224,0.9978426694869996,0.0485805049538612,-0.3795445263385772,-0.0391730815172195
74901000000000,0.0057750404812395,-0.0046008443459868,0.9992038011550904,0.2046398222446441,0.2910753190517425,0.0150215607136487
74911000000000,0.0082571227103471,-0.0036549551878124,0.9996407628059388,0.1361734867095947,-0.0396461263298988,-0.0105961710214614
74921000000000,0.0085781263187527,-0.0039319535717368,0.9997432827949524,0.052909817546606,0.3187377750873565,0.1362109035253524
74931000000000,0.0071012792177498,-0.0048458082601428,1.0004281997680664,0.045082651078701,0.1591069102287292,-0.1017466336488723
74941000000000,0.0050995065830647,-0.0030490956269204,1.00041663646698,0.001127139548771,0.3540300726890564,0.1705280542373657
74951000000000,0.0067243468947708,-0.0045506549067795,1.0009708404541016,0.114416480064392,-0.156572088599205,-0.0082907937467098
74961000000000,0.0086503820493817,-0.003402690635994,0.999470353126526,0.0121847372502088,-0.18673075735569,0.0592573434114456
74971000000000,0.0095018343999981,-0.0040327683091163,0.999614417552948,0.1948802024126052,0.2580395638942718,-0.1258478164672851
74981000000000,0.0067524411715567,-0.0062792473472654,1.000109314918518,-0.0284659601747989,-0.3305026590824127,-0.2716131210327148
74991000000000,0.0059152534231543,-0.0044672153890132,1.0012832880020142,-0.0101445456966757,0.0349443890154361,-0.0200349707156419
75001000000000,0.0066945967264473,-0.0037494411226361,1.0024189949035645,-0.3092532455921173,-0.1580823063850402,0.1581096649169922
75011000000000,0.0065372502431273,-0.0044579836539924,1.0034747123718262,-0.0213670041412115,-0.1365554928779602,-0.0280295889824628
75021000000000,0.0044515980407595,-0.0048418696969747,0.9990606307983398,0.0972925201058387,-0.1386308670043945,0.0278510656207799
75031000000000,0.0056297848932445,-0.004628331400454,0.9992846846580504,0.1060921475291252,0.0850815251469612,0.3286622166633606
75041000000000,0.0077269040048122,-0.0050290962681174,1.0017234086990356,-0.0070375925861299,-0.216129258275032,-0.0248610898852348
75051000000000,0.0077086575329303,-0.0051158256828784,1.000861406326294,0.1227293014526367,-0.0114130862057209,-0.0043524322099983
75061000000000,0.0065454430878162,-0.0048487992025911,1.0000617504119873,-0.0511042959988117,-0.3073645830154419,-0.0048655266873538
75071000000000,0.0077746864408254,-0.0030849210452288,0.9986457824707032,0.0965408459305763,-0.0161176975816488,-0.1038951426744461
75081000000000,0.007057327311486,-0.0031698765233159,1.0011597871780396,-0.1354925483465194,-0.5005866885185242,-0.1223313063383102
75091000000000,0.0042812651954591,-0.0053793331608176,1.0019545555114746,-0.0561722293496131,-0.0111016482114791,-0.0319485440850257
75101000000000,0.0056274379603564,-0.0036027422174811,1.0016063451766968,0.0029495668131858,-0.0373881459236145,0.0670994967222213
75111000000000,0.0066413735039532,-0.0037670184392482,1.0009607076644895,-0.0586833991110324,-0.2423498481512069,-0.1337775141000747
75121000000000,0.0074180052615702,-0.0039575896225869,1.001603364944458,0.0213226322084665,-0.3008118867874145,-0.0748486071825027
75131000000000,0.0079740127548575,-0.0050174011848866,1.0019280910491943,-0.0713993832468986,-0.0585224106907844,0.0068437415175139
75141000000000,0.0071986857801675,-0.0041749267838895,1.0003993511199951,-0.2593604624271393,-0.3807307481765747,-0.1164783835411071
75151000000000,0.0066460059024393,-0.0033012265339493,1.0014824867248535,-0.088174432516098,0.1794513314962387,-0.1840069144964218
75161000000000,0.0051103900186717,-0.005486074835062,0.9996047616004944,-0.0504708886146545,-0.2287222743034362,-0.0762723758816719
75171000000000,0.007330690510571,-0.0063265962526202,1.000023603439331,0.1087039932608604,-0.1455903947353363,-0.181826502084732
75181000000000,0.0063566411845386,-0.0047860904596745,1.003955960273743,0.0284252073615789,-0.2417802065610885,-0.1142056807875633
75191000000000,0.0077376416884362,-0.0029913464095443,1.0029155015945437,0.1598321050405502,-0.0029396808240562,0.0092506641522049
75201000000000,0.0079999137669801,-0.003631617873907,0.9995542764663696,0.0157897006720304,-0.3204152584075928,-0.0485846474766731
75211000000000,0.0068950084969401,-0.0038344820495694,0.999816358089447,0.1352579295635223,0.0515707358717918,0.1034395694732666
75221000000000,0.0075281271710991,-0.004278284497559,1.0017293691635132,0.028490662574768,-0.1955640316009521,-0.054846167564392
75231000000000,0.0080965515226125,-0.0065638986416161,1.0019996166229248,0.0849551185965538,0.0588600225746631,-0.0864629074931144
75241000000000,0.0074943420477211,-0.0053325868211686,1.0012844800949097,0.0061281002126634,-0.4053950309753418,-0.0419861860573291
75251000000000,0.0056675490923225,-0.0046422448940575,1.0008450746536257,0.0647618621587753,-0.2235256880521774,-0.022314004600048
75261000000000,0.0070104114711284,-0.0027613234706223,1.0001945495605469,0.226227268576622,0.0476230382919311,-0.0357918627560138
75271000000000,0.0077434228733181,-0.0035135787911713,1.0001527070999146,0.0727727189660072,0.1611675024032592,-0.1203887611627578
75281000000000,0.003587637329474,-0.0030491543002426,1.0010517835617063,0.0179972406476736,0.0141933597624301,0.0387449897825717
75291000000000,0.0028516412712633,-0.002157318405807,0.9975743889808656,-0.086700864136219,-0.3165837228298187,-0.1855399906635284
75301000000000,0.0053041060455143,-0.0019276380771771,0.9993446469306946,-0.0500741451978683,-0.0366385765373706,-0.2373140305280685
75311000000000,0.0082712024450302,-0.0044058882631361,1.0024067163467407,-0.2837558388710022,-0.000531296886038,0.1111939549446106
75321000000000,0.0086721805855631,-0.0056448462419211,1.0014593601226809,0.0886652544140815,0.0383772142231464,-0.3175280690193176
75331000000000,0.0071120057255029,-0.005693235900253,0.99979168176651,0.2725983262062073,-0.0427404344081878,0.1607616096735
75341000000000,0.0044576348736882,-0.0038297974970191,0.9986860156059264,0.11955276876688,0.0872879326343536,-0.1189927458763122
75351000000000,0.0052613802254199,-0.002816719468683,1.0022999048233032,0.0849203318357467,-0.2722068130970001,0.0208572652190923
75361000000000,0.0076879719272255,-0.0030645532533526,1.000796675682068,0.1464263200759887,0.2551953494548797,0.1185147538781166
75371000000000,0.006496098358184,-0.0037942281924188,1.0005824565887451,0.1553918421268463,0.1925860047340393,0.0983962193131446
75381000000000,0.0043835989199578,-0.0014042877592146,0.9999633431434632,0.1878704279661178,-0.2102023661136627,0.0390281155705452
75391000000000,0.0055691562592983,-0.0048535647802054,1.0009536743164062,-0.0559165216982364,-0.0965631082653999,-0.2084977626800537
75401000000000,0.0064915623515844,-0.006116921082139,1.000879406929016,0.0336904264986515,0.1214145570993423,0.2940858006477356
75411000000000,0.0075418739579617,-0.0051823062822222,0.9979881048202516,-0.0774689018726348,0.0276538990437984,-0.0094557106494903
75421000000000,0.0063554695807397,-0.0043446142226457,0.9983533620834352,0.0502185709774494,0.0364036858081817,-0.1872943192720413
75431000000000,0.0055489498190581,-0.0049465596675872,1.0008890628814695,-0.0228070206940174,0.1145664826035499,-0.0025941678322851
75441000000000,0.0068383342586457,-0.0053713633678853,1.002005696296692,0.1675657033920288,-0.0610748156905174,-0.0175217073410749
75451000000000,0.0080284373834729,-0.0031619672663509,1.0025451183319092,0.006716723088175,0.0400656424462795,-0.0851686969399452
75461000000000,0.0083252619951963,-0.0041073295287787,1.0008190870285034,-0.1462969332933426,0.0434401109814643,0.139259785413742
75471000000000,0.0078158490359783,-0.0055556502193212,1.0008076429367063,-0.161590427160263,-0.0250983517616987,-0.025050351396203
75481000000000,0.0059975972399115,-0.0050618913955986,1.0008556842803955,-0.048562504351139,-0.3327266275882721,-0.1577363908290863
75491000000000,0.00519580533728,-0.0023380545899271,0.999996781349182,0.0394367985427379,-0.0529695190489292,-0.0655644312500953
75501000000000,0.0076540792360901,-0.0039880303665995,1.0009973049163818,-0.0524668805301189,-0.1737157702445984,-0.043214164674282
75511000000000,0.0078316070139408,-0.0059379586018621,1.0029257535934448,0.0219011604785919,-0.1110958904027938,-0.10364431142807
75521000000000,0.0055290581658482,-0.0056125815026462,1.0014543533325195,0.0659851357340812,-0.0149543723091483,-0.1457730829715728
75531000000000,0.0053755627013742,-0.0053443256765604,1.00053608417511,0.2036911249160766,-0.0266250297427177,0.2432339936494827
75541000000000,0.0074460795149207,-0.0044102049432694,1.0011812448501587,-0.066228337585926,0.0004721550212707,-0.1058857515454292
75551000000000,0.0090355817228555,-0.0044642961584031,1.0004867315292358,-0.0114551372826099,-0.0289306640625,-0.158379316329956
75561000000000,0.0066494597122073,-0.0051580471917986,0.9999299645423888,0.2573878169059753,-0.233335867524147,0.117801122367382
75571000000000,0.0045221331529319,-0.0051564867608249,0.9995538592338562,-0.3159134984016418,0.1818591654300689,-0.0849330276250839
75581000000000,0.0063077951781451,-0.0051482645794749,0.9989283680915833,0.1798173040151596,-0.1154142469167709,-0.1480925232172012
75591000000000,0.0075603011064231,-0.0049144634976983,0.9992681741714478,0.2167258709669113,0.1962039321660995,0.0657004192471504
75601000000000,0.0076733948662877,-0.002515097381547,1.0007224082946775,0.2090316712856292,-0.2288980036973953,0.144255056977272
75611000000000,0.0081374803557991,-0.0034792849328368,1.0013166666030884,0.00067320081871,-0.1283268332481384,0.067410409450531
75621000000000,0.0074333515949547,-0.0046366010792553,0.9987199306488036,0.0801615864038467,0.0940702855587005,-0.1805549263954162
75631000000000,0.0088051808997988,-0.0033789612352848,0.9998915791511536,-0.2155962139368057,-0.1366503238677978,-0.126928836107254
75641000000000,0.0090154325589537,-0.0031473988201469,1.0002703666687012,0.1678277254104614,-0.3240672945976257,0.0267783757299184
75651000000000,0.0067696031183004,-0.004196373745799,1.0005416870117188,-0.2690469622611999,-0.0801298841834068,-0.1056709215044975
75661000000000,0.0049526295624673,-0.0028377559501677,1.0016556978225708,-0.1298332810401916,0.1830862015485763,-0.2785043716430664
75671000000000,0.0087755471467971,-0.0034514155704528,1.0023260116577148,0.0455576330423355,-0.3043497502803802,0.0610018819570541
75681000000000,0.0087187848985195,-0.0057667414657771,0.9993151426315308,0.258724957704544,0.330453872680664,0.0983547046780586
75691000000000,0.0071129337884485,-0.0036087040789425,0.9999483227729796,-0.1952371895313263,-0.3426821827888489,0.0254379864782094
75701000000000,0.0039912592619657,-0.0033978975843638,1.0020440816879272,0.0759473443031311,-0.3554681837558746,0.1845376193523407
75711000000000,0.0074883438646793,-0.0033729299902915,1.002237319946289,0.1841935962438583,-0.3200544714927673,-0.1126713678240776
75721000000000,0.010176227428019,-0.0059662535786628,1.0017247200012207,0.0537064746022224,-0.1423051506280899,0.0362171865999698
75731000000000,0.009935543872416,-0.0051963031291961,1.002028465270996,0.0307520478963851,-0.2147436589002609,-0.0619383081793785
75741000000000,0.0080836415290832,-0.0043344022706151,1.0007318258285522,0.0210376903414726,0.035138476639986,0.1915593296289444
75751000000000,0.0081086652353405,-0.0047204606235027,1.0012106895446775,-0.196682870388031,0.0081421183422207,0.206895500421524
75761000000000,0.0089847650378942,-0.0040922765620052,1.001373291015625,0.1632168292999267,-0.2343963235616684,0.0137611841782927
75771000000000,0.0059325448237359,-0.0046139489859342,1.001358151435852,-0.0117096276953816,-0.2104144245386123,-0.1460177600383758
75781000000000,0.0070304372347891,-0.0033517454285174,1.0010104179382324,-0.088801808655262,0.1223461776971817,-0.0285594500601291
75791000000000,0.0075492518953979,-0.003831033129245,0.9997438788414,-0.4083141684532165,-0.0581444315612316,-0.0942274332046508
75801000000000,0.0068132448941469,-0.0051492718048393,1.0000460147857666,-0.0159505754709243,0.3071156442165375,0.0612054876983165
75811000000000,0.0070322826504707,-0.0056918086484074,0.9998931884765624,0.1801772713661193,0.2253499776124954,-0.2232763171195984
75821000000000,0.0062858220189809,-0.0043327384628355,0.9998109936714172,-0.1944993287324905,0.1759545803070068,-0.0237780157476663
75831000000000,0.007281532511115,-0.0038194244261831,1.000743746757507,-0.0032276853453367,-0.1549722701311111,-0.001100288121961
75841000000000,0.0074683157727122,-0.0046247523277997,1.0027040243148804,-0.0560286231338977,-0.1997907906770706,0.1219332367181778
75851000000000,0.0057415715418756,-0.0052993614226579,1.00115966796875,-0.0614237785339355,-0.2098211795091629,0.019406484439969
75861000000000,0.0053392774425446,-0.0045469235628843,1.0015320777893066,-0.0363123677670955,-0.0360633209347724,-0.1417609304189682
75871000000000,0.0044444077648222,-0.0037975430022925,0.9999802112579346,-0.1037658527493476,0.2013178318738937,-0.0513300448656082
75881000000000,0.0055567538365721,-0.0042404225096106,0.998784840106964,-0.0177794676274061,-0.1075244545936584,-0.0055390852503478
75891000000000,0.0059329634532332,-0.0031813024543225,1.0015065670013428,-0.0179654527455568,-0.0793399140238761,0.3507120907306671
75901000000000,0.0069269407540559,-0.0038253895472735,1.0016746520996094,-0.2169933021068573,0.1231792718172073,0.1202313899993896
75911000000000,0.008719241246581,-0.0036233181599527,1.002583384513855,-0.1734994947910308,0.31388059258461,-0.0422286838293075
75921000000000,0.0082181859761476,-0.0030994329135864,1.0014668703079224,0.1323111951351165,0.3137891590595245,0.0013473415747284
75931000000000,0.0082366885617375,-0.0049904356710612,0.9997400045394896,-0.0187823232263326,-0.0416943468153476,0.177962839603424
75941000000000,0.0073967799544334,-0.0032490186858922,1.001785397529602,-0.2952882349491119,0.2326513528823852,-0.2435127347707748
75951000000000,0.0050625377334654,-0.0037410371005535,1.0004312992095947,-0.1157231628894805,0.2997702360153198,0.0925701260566711
75961000000000,0.0043525462970137,-0.0065725431777536,0.9986734986305236,-0.1756444275379181,0.1523669064044952,-0.0617537796497345
75971000000000,0.0060141589492559,-0.0030408427119255,0.9967323541641236,0.0060684904456138,0.0356735922396183,-0.177108883857727
75981000000000,0.0072258086875081,-0.0057651344686746,0.99905127286911,0.2856906354427337,0.2610598504543304,0.0045396187342703
75991000000000,0.0062288870103657,-0.0061340727843344,0.999378502368927,-0.0370040833950042,0.3760755360126495,0.1665839105844497
76001000000000,0.0049621756188571,-0.0028886571526527,1.0006705522537231,0.1427753418684005,-0.2485605925321579,0.1787457466125488
76011000000000,0.0050689852796494,-0.0041011297143995,1.001185178756714,0.0395724885165691,0.287693440914154,0.091190181672573
76021000000000,0.0079168966040015,-0.0057647973299026,0.999794900417328,0.1673547923564911,0.2021861970424652,0.0719414427876472
76031000000000,0.0066380174830555,-0.0025544569361954,1.0023707151412964,0.0011629136279225,0.040566362440586,-0.1286936849355697
76041000000000,0.0061592333950102,-0.0036386952269822,1.0019639730453491,-0.0417905561625957,0.1186303943395614,-0.0507557392120361
76051000000000,0.006731710396707,-0.0039607998915016,1.0003193616867063,0.0456921942532062,-0.0118134627118706,0.0728115513920784
76061000000000,0.006972100585699,-0.0031268550083041,0.9993557929992676,0.0547073632478714,-0.0242270119488239,-0.1559498459100723
76071000000000,0.0056771384552121,-0.0042132488451898,1.00019109249115,0.1584322452545166,0.1076725497841835,0.0693780481815338
76081000000000,0.0048536979593336,-0.0038423992227762,1.0007721185684204,-0.1098057478666305,-0.1402621865272522,-0.0286673568189144
76091000000000,0.0068829567171633,-0.0044533219188451,1.0015451908111572,-0.1014347299933433,-0.2229230552911758,-0.0976933762431144
76101000000000,0.0073590474203228,-0.0055103353224694,1.0014747381210327,0.0947743579745292,0.0896752029657363,-0.0149528393521904
76111000000000,0.0060834549367427,-0.0040870518423616,1.0008535385131836,0.1793055534362793,0.2049122303724289,0.0614233687520027
76121000000000,0.0025629152078181,-0.0058052805252373,1.001286864280701,-0.3392266929149627,-0.37967649102211,-0.0897031500935554
76131000000000,0.0071330536156892,-0.0042901020497083,0.9997905492782592,0.0874542593955993,0.0324102491140365,0.2184735089540481
76141000000000,0.0063820071518421,-0.0036022837739437,1.0020281076431274,0.0248472541570663,-0.1304954141378402,-0.2978004515171051
76151000000000,0.0058050230145454,-0.0033155898563563,1.0019639730453491,-0.0208517108112573,-0.0684046670794487,-0.1161457672715187
76161000000000,0.0067202635109424,-0.0042110420763492,0.999997079372406,0.2176818996667862,-0.3078478276729584,0.0318567641079425
76171000000000,0.0040841735899448,-0.0028226394206285,1.000593900680542,-0.0398230478167533,-0.0844942405819892,0.1983748525381088
76181000000000,0.0050628636963665,-0.0045839985832571,1.002071976661682,0.1514602750539779,0.0699875652790069,-0.0038527497090399
76191000000000,0.0075597027316689,-0.0059259505942463,1.0013065338134766,0.0566018782556057,-0.06280467659235,0.1272644251585006
76201000000000,0.0070387907326221,-0.0034165673423558,1.0002213716506958,0.0903859734535217,-0.4063867628574371,0.1771295517683029
76211000000000,0.0056490222923457,-0.0026231713127344,1.0001776218414309,-0.1037500947713851,-0.1178336516022682,0.1860200613737106
76221000000000,0.0055871866643428,-0.0040935114957392,0.999146580696106,0.0125217624008655,-0.1995758414268493,-0.1388232558965683
76231000000000,0.0059280428104102,-0.0056697432883083,0.9988738894462584,-0.0291560310870409,0.0985831618309021,-0.0414591133594512
76241000000000,0.0069467211142182,-0.0039769043214619,1.0001128911972046,0.0441728718578815,-0.1340343952178955,0.0371930859982967
76251000000000,0.0056223776191473,-0.0039570848457515,1.0019365549087524,-0.1334177553653717,-0.0065237316302955,0.0057509611360728
76261000000000,0.0068274540826678,-0.003666453063488,1.0009374618530271,0.3061359226703644,0.0670384839177131,0.1077626273036003
76271000000000,0.0063932603225111,-0.004070371389389,0.9995436668395996,-0.0195502340793609,0.0308442413806915,0.0843411237001419
76281000000000,0.0047460445202887,-0.0038484325632452,0.9994105696678162,-0.0410103909671306,-0.02605084143579,0.1970605850219726
76291000000000,0.0072415899485349,-0.003581489669159,0.999706506729126,0.081800140440464,0.0105474488809704,0.0084750009700655
76301000000000,0.0066060447134077,-0.0048299599438905,0.9990416765213012,0.0089084943756461,0.0665795803070068,0.1139483675360679
76311000000000,0.008118494413793,-0.0046729855239391,0.999572217464447,0.0306836869567632,-0.2192847430706024,-0.1686435043811798
76321000000000,0.0074743553996086,-0.0044913128949701,0.9992052316665648,-0.0384652726352214,-0.1554610431194305,-0.1334124207496643
76331000000000,0.0058151935227215,-0.0025818077847361,1.000859618186951,0.0434744767844677,0.2776560187339782,0.0864603593945503
76341000000000,0.0052531692199409,-0.005210974253714,1.0010175704956057,0.0954224541783332,-0.1221144422888755,-0.11862513422966
76351000000000,0.0060548218898475,-0.0055201658979058,1.0015473365783691,0.061748556792736,0.07478017359972,-0.1485430002212524
76361000000000,0.0079463729634881,-0.0044444785453379,1.0013363361358645,0.1992891728878021,-0.0045124269090592,0.0728033408522605
76371000000000,0.0083022573962807,-0.004075288772583,1.0010197162628174,0.4382005333900451,0.208070307970047,0.1088568121194839
76381000000000,0.0060323779471218,-0.0045110606588423,1.0032100677490234,0.0425552763044834,0.1786414980888366,-0.1071604043245315
76391000000000,0.0069498373195528,-0.0048932158388197,1.002744197845459,-0.0137582896277308,0.4128836691379547,-0.0043438840657472
76401000000000,0.0089714834466576,-0.0037613587919622,1.00183367729187,0.086232952773571,-0.0234037917107343,0.0771401301026344
76411000000000,0.0073851430788636,-0.0054511935450136,1.000763177871704,0.2473310530185699,-0.19981549680233,0.1160637736320495
76421000000000,0.006130151450634,-0.0061553623527288,1.0005099773406982,0.1162108704447746,-0.0498285479843616,0.160078153014183
76431000000000,0.0057135298848152,-0.006308430340141,1.001138687133789,0.0277334507554769,0.0023698760196566,-0.1277611851692199
76441000000000,0.0045705558732151,-0.0056110261939466,1.0018842220306396,0.0518463999032974,-0.0461975149810314,0.2335439771413803
76451000000000,0.0050376653671264,-0.0038857508916407,1.002795934677124,0.0412010215222835,0.1023092716932296,-0.0426992326974868
76461000000000,0.0032059964723885,-0.0010560209630057,1.0030732154846191,0.1361875832080841,-0.1260252594947815,-0.1183613464236259
76471000000000,0.0061926348134875,-0.0029213964007794,1.0025310516357422,-0.2595296204090118,0.0855120196938514,-0.1463395953178405
76481000000000,0.007777202874422,-0.002916541416198,1.0009887218475342,-0.0470562390983104,-0.1020882651209831,-0.03654420748353
76491000000000,0.0040499791502952,-0.0045646391808986,1.0007355213165283,0.1775254160165786,-0.1872784346342086,0.0127671407535672
76501000000000,0.0048847245052456,-0.0051797884516417,1.0005353689193726,0.1780808269977569,-0.1221469044685363,0.0385870672762393
76511000000000,0.0037058049347251,-0.0063630905933678,0.9988723993301392,0.0390371270477771,-0.1273913383483886,0.2374166250228881
76521000000000,0.0083542559295892,-0.0054833670146763,1.0020121335983276,0.1256558001041412,-0.3021208941936493,-0.2063172608613968
76531000000000,0.0066550062038004,-0.0035246238112449,1.0021066665649414,-0.2038613408803939,-0.0387161895632743,-0.0031250931788235
76541000000000,0.0039772144518792,-0.0056276693940162,0.9992699027061462,-0.0236766245216131,-0.0512336641550064,-0.001547580701299
76551000000000,0.0053834612481296,-0.004073224030435,0.9983298778533936,0.1757761687040329,0.2703534960746765,0.1070626899600029
76561000000000,0.0076503073796629,-0.004875115584582,0.9999778866767884,-0.2780413031578064,-0.1179641112685203,0.1506680101156234
76571000000000,0.0081850048154592,-0.002957125660032,1.000057816505432,-0.1020273342728614,0.2223449945449829,-0.0637588500976562
76581000000000,0.0072338567115366,-0.0039360774680972,1.0035912990570068,-0.0245114397257566,0.0294302329421043,-0.1356462389230728
76591000000000,0.0067450529895722,-0.0045150443911552,1.0007301568984983,0.0183444563299417,-0.1095611453056335,0.0853899344801902
76601000000000,0.0033464338630437,-0.0046636993065476,1.0009721517562866,-0.0583346188068389,-0.0888143107295036,0.091464065015316
76611000000000,0.0039896862581372,-0.0052377805113792,1.0009170770645142,0.0782434344291687,0.180130586028099,0.0173186585307121
76621000000000,0.0058300397358834,-0.0057643209584057,1.0025180578231812,-0.0266172271221876,-0.2941347658634186,-0.2731655240058899
76631000000000,0.0077638621442019,-0.0067958133295178,1.001451015472412,-0.1864141225814819,-0.0144042233005166,0.0815118998289108
76641000000000,0.0080406898632645,-0.0056409868411719,1.0017058849334717,-0.1581121683120727,-0.0195939689874649,0.0385890044271945
76651000000000,0.0059542045928537,-0.0060148891061544,1.0004146099090576,0.1785998940467834,-0.2582044303417206,0.1586171686649322
76661000000000,0.0038000373169779,-0.0055948584340512,1.0005230903625488,-0.0047588776797056,0.2280954867601394,-0.005215901415795
76671000000000,0.006233584601432,-0.0045789200812578,1.0013854503631592,-0.0075664008036255,0.1269686222076416,-0.1156210303306579
76681000000000,0.0041946740821003,-0.0057767825201153,1.0001935958862305,0.1123907342553138,0.0488281808793544,0.0524741932749748
76691000000000,0.0053129666484892,-0.002784693846479,1.0012938976287842,-0.1602511554956436,-0.102997325360775,0.0541530661284923
76701000000000,0.0055165169760584,-0.0044713583774864,1.0001609325408936,-0.0810599103569984,0.0128150815144181,0.0076548676006495
76711000000000,0.0057368078269064,-0.0053507811389863,1.0011072158813477,0.1750188618898391,0.0392919033765792,-0.1662149876356125
76721000000000,0.0051593733951449,-0.0033486955799162,1.000757932662964,0.1761141866445541,0.3167971670627594,0.0828776955604553
